variant,split,sample_index,crop_name,points_per_crop,stability_score_thresh,num_predicted_masks,miou,ari,miou_agg,texture_a_best_iou,texture_b_best_iou,texture_a_agg_iou,texture_b_agg_iou,texture_a_overlap_mask_count,texture_b_overlap_mask_count,mask_score_mean,mask_score_median
dense,train,0,1,64,0.2,6,0.9517497176052201,0.8308723814755662,0.48677369254766206,0.9582201086956522,0.9452793265147879,0.1793605571383349,0.7941868279569892,5,6,0.9202602704366049,0.9222511649131775
dense,train,1,101,64,0.2,21,0.48860586737861117,0.5626451995935181,0.5121390303421386,0.08040183892388898,0.8968098958333334,0.23389149569110926,0.7903865649931678,21,8,0.9207069306146531,0.9210433959960938
dense,train,2,102,64,0.2,11,0.34409288567418894,0.5927574011298363,0.45095591263236007,0.09350233559019577,0.594683435758182,0.08044825643273024,0.8214635688319899,11,9,0.9414905634793368,0.959977924823761
dense,train,3,103,64,0.2,3,0.8486274757879178,0.27942168759499997,0.49941778350049215,0.7813562173986203,0.9158987341772152,0.7133396404919584,0.2854959265090259,3,2,0.9383298953374227,0.9575213193893433
dense,train,4,104,64,0.2,4,0.320652274695452,0.49408897665692697,0.21135230561230564,0.033910721098817244,0.6073938282920868,0.051446012972148035,0.37125859825246327,4,4,0.9098580777645111,0.9109734296798706
dense,train,5,106,64,0.2,4,0.88990458162079,-0.0005563186699079451,0.49985650254099434,0.854644775390625,0.925164387850955,0.854644775390625,0.14506822969136368,4,4,0.9575615525245667,0.9521138668060303
dense,train,6,107,64,0.2,11,0.6404134761497327,0.4964714499058052,0.49421959081992106,0.33650488106695997,0.9443220712325053,0.5533902374792806,0.43504894416056145,11,11,0.9589835947210138,0.9689106941223145
dense,train,7,109,64,0.2,1,0.4783259703130757,0.9158810027861896,0.4783259703130757,0.017868352957388495,0.9387835876687629,0.017868352957388495,0.9387835876687629,1,1,0.9585034847259521,0.9585034847259521
dense,train,8,118,64,0.2,2,0.921024761332425,0.7939564465390483,0.4850220987020711,0.9489034552491197,0.8931460674157303,0.8440691460856518,0.12597505131849043,2,2,0.932824045419693,0.932824045419693
dense,train,9,12,64,0.2,1,0.01189900072487282,0.0025808251783221684,0.01189900072487282,0.023198515295021118,0.0005994861547245218,0.023198515295021118,0.0005994861547245218,1,1,0.8867637515068054,0.8867637515068054
dense,train,10,121,64,0.2,1,0.49005779503865277,0.9273851378749687,0.49005779503865277,0.9703101593772255,0.009805430700080045,0.9703101593772255,0.009805430700080045,1,1,0.9639651775360107,0.9639651775360107
dense,train,11,122,64,0.2,2,0.9406680713033891,0.8832492233829861,0.4943717505038485,0.9269634061584021,0.9543727364483762,0.48919407743478127,0.4995494235729157,2,2,0.9874615967273712,0.9874615967273712
dense,train,12,125,64,0.2,63,0.49868457777789876,0.8340743067116101,0.5573829824308,0.015466239551529105,0.9819029160042684,0.13286304885733166,0.9819029160042684,63,1,0.901443120033022,0.8971499800682068
dense,train,13,128,64,0.2,10,0.676915527400433,0.6823650895536005,0.6245803999719022,0.8938289244216586,0.4600021303792075,0.9723488748345345,0.27681192510927,2,9,0.9378115653991699,0.9361106753349304
dense,train,14,129,64,0.2,1,0.48694937855707143,0.9401465512312499,0.48694937855707143,0.9625936100553193,0.01130514705882353,0.9625936100553193,0.01130514705882353,1,1,0.9602586030960083,0.9602586030960083
dense,train,15,13,64,0.2,8,0.4853064562190658,0.5708989670076472,0.5082051163350687,0.11084990367975969,0.859763008758372,0.15649266440635595,0.8599175682637815,4,5,0.9082364439964294,0.9013852775096893
dense,train,16,134,64,0.2,2,0.495526384036076,0.9638117449112701,0.4950987787114389,0.9852256395515953,0.005827128520556815,0.9852256395515953,0.004971917871282571,1,2,0.9357344806194305,0.9357344806194305
dense,train,17,139,64,0.2,1,0.4392172360476387,0.7925620206546166,0.4392172360476387,0.004451873161794249,0.8739825989334831,0.004451873161794249,0.8739825989334831,1,1,0.9581320285797119,0.9581320285797119
dense,train,18,14,64,0.2,3,0.9809447842666343,0.9642089035167501,0.4960831931122367,0.9872294739221337,0.974660094611135,0.5387188776690048,0.4534475085554686,3,3,0.9772218267122904,0.9814385175704956
dense,train,19,142,64,0.2,2,0.4392804845060367,0.8176818081369917,0.4448017969946813,0.017397741995187857,0.8611632270168855,0.028440366972477066,0.8611632270168855,2,1,0.9050465226173401,0.9050465226173401
dense,train,20,149,64,0.2,1,0.4602958494588705,0.8220602038027379,0.4602958494588705,0.005048172625209013,0.915543526292532,0.005048172625209013,0.915543526292532,1,1,0.9567204117774963,0.9567204117774963
dense,train,21,15,64,0.2,4,0.5096341233138878,0.8055847170071887,0.4810547749901297,0.06489668370436763,0.954371562923408,0.056109248457569774,0.9060003015226896,4,2,0.9482758343219757,0.953472375869751
dense,train,22,16,64,0.2,13,0.20311901718882888,0.38381179660472076,0.4778505983365003,0.3780285429804182,0.028209491397239553,0.9253016235539447,0.03039957311905584,12,12,0.928638756275177,0.9216981530189514
dense,train,23,17,64,0.2,2,0.39443046052796454,0.3537419708950208,0.4062980323878574,0.7076727676850151,0.08118815337091398,0.7076727676850151,0.10492329709069967,1,2,0.9538502395153046,0.9538502395153046
dense,train,24,175,64,0.2,1,0.4313680466888836,0.7946423401249914,0.4313680466888836,0.014269596860053075,0.8484664965177142,0.014269596860053075,0.8484664965177142,1,1,0.969986617565155,0.969986617565155
dense,train,25,176,64,0.2,4,0.7035622837852594,0.5395143919308992,0.4797090102182811,0.5343771272974813,0.8727474402730375,0.0627400565025553,0.8966779639340069,3,4,0.9612139314413071,0.9780578315258026
dense,train,26,178,64,0.2,8,0.8751179170797322,0.7232458090188427,0.5147514605853748,0.9837575411416128,0.7664782930178515,0.47179004958112497,0.5577128715896246,4,8,0.9356036707758904,0.9176711142063141
dense,train,27,18,64,0.2,20,0.4001136222964967,0.23194477194697227,0.6268206125470182,0.7078324225865209,0.09239482200647249,0.8669637519700016,0.38667747312403467,5,20,0.9229654431343078,0.9204154014587402
dense,train,28,180,64,0.2,6,0.9278013204503215,0.8707753681884215,0.7015108506130073,0.9646566688483538,0.8909459720522893,0.966933211917703,0.4360884893083117,5,2,0.9190069735050201,0.9031206369400024
dense,train,29,181,64,0.2,4,0.7541088261023066,0.759139730364517,0.8534903650949909,0.552433985988863,0.9557836662157503,0.9823107283817725,0.7246700018082093,3,2,0.9216250330209732,0.9218369722366333
dense,train,30,182,64,0.2,6,0.49353813381640077,0.9552601793236202,0.4988232478024398,0.004755195491370201,0.9823210721414314,0.009806475338246787,0.9878400202666329,6,2,0.917784164349238,0.9037324488162994
dense,train,31,183,64,0.2,8,0.9913149187680639,0.9810355728682028,0.7677534802987671,0.9946426731687215,0.9879871643674063,0.9837116970375649,0.5517952635599694,4,7,0.932388924062252,0.9177014231681824
dense,train,32,184,64,0.2,40,0.9733467272632795,0.5526224528814144,0.7519518469830628,0.9784949672471641,0.968198487279395,0.9786561012237595,0.5252475927423662,39,9,0.9362362995743752,0.9402987957000732
dense,train,33,185,64,0.2,15,0.9815827922687057,0.39310035764778045,0.7867795620875951,0.9903473464519976,0.9728182380854137,0.9904591532498509,0.5830999709253394,2,14,0.9543218890825907,0.9617642760276794
dense,train,34,186,64,0.2,28,0.7251288565285146,0.4584270203170467,0.7027658533030104,0.5196350955220863,0.9306226175349428,0.4803535593376124,0.9251781472684085,17,13,0.9196993368012565,0.9192303717136383
dense,train,35,188,64,0.2,37,0.7220623726925149,7.080061965444467e-05,0.5002831718835223,0.4926830757023179,0.951441669682712,0.4939497978179599,0.5066165459490847,37,7,0.9147797758514816,0.9183087348937988
dense,train,36,189,64,0.2,4,0.8968490408289013,0.3518810621823031,0.49405373425102006,0.8639773055101452,0.9297207761476574,0.9204394598306248,0.0676680086714153,4,2,0.9651579409837723,0.9731452167034149
dense,train,37,194,64,0.2,31,0.5515331626663074,0.5025602027720235,0.6983800811171379,0.9836121970289289,0.11945412830368582,0.9547995575618068,0.44196060467246906,3,30,0.9527121686166332,0.9546614289283752
dense,train,38,197,64,0.2,29,0.978892148102017,0.9490102853314474,0.4971724618491105,0.9823153571156918,0.9754689390883421,0.39892332538644926,0.5954215983117718,9,24,0.9112923987980547,0.9076476097106934
dense,train,39,2,64,0.2,36,0.5577001474385138,0.5117422471889248,0.5987381985584415,0.22102167817821242,0.8943786166988151,0.4257416662845614,0.7717347308323215,34,9,0.9343062722020679,0.9342440366744995
dense,train,40,200,64,0.2,61,0.9767363322353305,0.9390311378840347,0.49671426303526023,0.9713307005869134,0.9821419638837476,0.6889859365695002,0.3044425895010202,53,11,0.9293891807071498,0.9304375052452087
dense,train,41,201,64,0.2,42,0.2788327632327054,0.24709542294251843,0.7969608100598318,0.49852684935846664,0.059138677106944156,0.9829592159342396,0.610962404185424,4,40,0.9440575625215258,0.9434495270252228
dense,train,42,202,64,0.2,4,0.9831893519619496,0.9579801493069329,0.4981263851535317,0.9819629941873363,0.9844157097365628,0.6823308557561698,0.31392191455089363,4,3,0.9654236435890198,0.985897421836853
dense,train,43,205,64,0.2,6,0.9637789665262848,0.9139170888617082,0.4934345557944811,0.9467399416514011,0.9808179914011685,0.4317500806736635,0.5551190309152987,4,5,0.9487067957719167,0.9604573249816895
dense,train,44,207,64,0.2,4,0.9942007819263908,0.9835611248071842,0.49864930407596947,0.9928331139388621,0.9955684499139196,0.5189811488067027,0.4783174593452363,3,3,0.9732877463102341,0.9882795810699463
dense,train,45,210,64,0.2,3,0.9496605442666791,0.8934507148410029,0.488429372391076,0.9539798922401822,0.945341196293176,0.5367563263968028,0.4401024183853492,3,3,0.9619426528612772,0.9623209834098816
dense,train,46,213,64,0.2,3,0.9934322669506155,0.9850862036893928,0.49832404282564174,0.9916065538601807,0.9952579800410504,0.5655364295105023,0.4311116561407812,3,2,0.9937158028284708,0.9947023987770081
dense,train,47,214,64,0.2,7,0.9920096947006795,0.9851014221834792,0.7227623739125606,0.9966545860050181,0.9873648033963408,0.9967382213548927,0.44878652647022865,2,7,0.948208885533469,0.9515281915664673
dense,train,48,215,64,0.2,12,0.9871523836307369,0.8843965371114275,0.7052095328005329,0.9933924763734961,0.9809122908879776,0.9936822154364536,0.4167368501646122,2,12,0.927790492773056,0.9198178946971893
dense,train,49,216,64,0.2,5,0.8658574828261885,0.7707626482104825,0.4987950855908135,0.9157212850613264,0.8159936805910506,0.45884076549766506,0.5387494056839619,3,5,0.91813884973526,0.9039961695671082
dense,train,50,219,64,0.2,5,0.9875742532367473,0.9734071932715839,0.4989735319403579,0.9929628650720232,0.9821856414014714,0.46079784135160823,0.5371492225291075,3,5,0.9694735884666443,0.9883161187171936
dense,train,51,22,64,0.2,7,0.49589692627691756,0.9009251694002557,0.5042601423535513,0.01264661737728612,0.979147235176549,0.03721989544801443,0.9713003892590882,7,2,0.914988500731332,0.904931366443634
dense,train,52,221,64,0.2,3,0.9935426385893729,0.9854627726315023,0.49865580274438276,0.9968854674737028,0.9901998097050428,0.5199295073174469,0.4773820981713186,2,3,0.9938821991284689,0.9943469166755676
dense,train,53,222,64,0.2,4,0.9746284173372539,0.9484510453496123,0.49746544757231836,0.9671089515978322,0.9821478830766757,0.24119453400890525,0.7537363611357315,4,4,0.966105118393898,0.9758150279521942
dense,train,54,224,64,0.2,4,0.992678956571121,0.983646883181443,0.4988063587949947,0.9923132573702297,0.9930446557720124,0.5036139423297321,0.4939987752602572,3,4,0.970674604177475,0.9747244417667389
dense,train,55,228,64,0.2,7,0.9581472327205085,0.9133258967049918,0.5048016859715072,0.9766631948964979,0.9396312705445191,0.4774596906877262,0.5321436812552881,4,6,0.948644621031625,0.9323376417160034
dense,train,56,229,64,0.2,10,0.9910161839022946,0.9781406069663808,0.7800396361891753,0.9958639874089528,0.9861683803956365,0.9813913231634751,0.5786879492148754,3,10,0.9357061564922333,0.928219199180603
dense,train,57,236,64,0.2,3,0.9877803241362517,0.9764189166763891,0.4971378052030414,0.9909777892710399,0.9845828590014637,0.5301502904385776,0.4641253199675051,3,3,0.9887444178263346,0.9899870753288269
dense,train,58,237,64,0.2,3,0.9765031708235437,0.9520642007777533,0.49518431325048684,0.983191942299749,0.9698143993473384,0.47831256466082983,0.5120560618401439,3,3,0.980888287226359,0.9822534918785095
dense,train,59,238,64,0.2,4,0.977896345165091,0.9610066346421944,0.4973444141339294,0.9932630995286942,0.962529590801488,0.555469608131314,0.43921922013654485,3,4,0.9745974689722061,0.9776970148086548
dense,train,60,24,64,0.2,2,0.9526833225564235,0.8479777636568897,0.8780863011745442,0.9537480355250174,0.9516186095878295,0.8045539927612589,0.9516186095878295,2,1,0.9359377920627594,0.9359377920627594
dense,train,61,240,64,0.2,35,0.40775383445579577,0.21387081055124504,0.7577630624330589,0.09215898016698712,0.7233486887446045,0.8393719806763285,0.6761541441897893,33,11,0.9378306354795184,0.9477341175079346
dense,train,62,243,64,0.2,16,0.418568058610339,0.04542116092141825,0.6904516746511202,0.3537667867671143,0.48336933045356373,0.9020843505859375,0.47881899871630296,16,2,0.920526210218668,0.9196692407131195
dense,train,63,244,64,0.2,6,0.619412448836875,0.2997225397714314,0.6350305648872587,0.6921152953990762,0.5467096022746737,0.7324676513671875,0.5375934784073301,3,5,0.9190529584884644,0.9079083204269409
dense,train,64,245,64,0.2,10,0.732319266822379,0.4596212309984521,0.7619443354456084,0.9303314210243923,0.5343071126203657,0.8818903798755917,0.641998291015625,5,8,0.9399606287479401,0.9493109881877899
dense,train,65,246,64,0.2,3,0.9866226446737305,0.9718200851817512,0.7576196546497408,0.9944873561744816,0.9787579331729794,0.9944873561744816,0.520751953125,1,3,0.9685430725415548,0.9922452569007874
dense,train,66,247,64,0.2,5,0.8746838068974205,0.8041772723350233,0.7607878253116416,0.7742522498676548,0.9751153639271862,0.9935760171306209,0.5279996334926622,4,4,0.9588394880294799,0.9511449933052063
dense,train,67,25,64,0.2,7,0.5292372638492006,0.771021101253175,0.5386455549862637,0.07835802284403212,0.980116504854369,0.09717460511815844,0.980116504854369,7,1,0.9219392027173724,0.9140141606330872
dense,train,68,250,64,0.2,3,0.9503252959850939,0.900254794691934,0.4915947597385817,0.9414857365397722,0.9591648554304156,0.3073905734387647,0.6757989460383987,3,3,0.9466412464777628,0.9717973470687866
dense,train,69,251,64,0.2,14,0.9874667408257394,0.7025314869251033,0.49805078500172173,0.9929967629482072,0.9819367187032717,0.4917019801217351,0.5043995898817084,3,14,0.9473922422954014,0.9531139731407166
dense,train,70,252,64,0.2,4,0.9579421500600774,0.8151836648849677,0.5012237253077934,0.9346732728802468,0.981211027239908,0.8099302258118692,0.19251722480371736,4,3,0.9566217362880707,0.9576712548732758
dense,train,71,253,64,0.2,7,0.9008593160827181,0.7723045572337139,0.47789605455844697,0.9536298400903362,0.8480887920750998,0.44300487934853205,0.5127872297683619,5,5,0.9187017423766,0.9210934638977051
dense,train,72,254,64,0.2,120,0.8715066877571167,0.9508880535968202,0.66240951919706,0.7673650861265674,0.9756482893876661,0.767391709485903,0.557427328908217,119,17,0.9141435995697975,0.9155241549015045
dense,train,73,256,64,0.2,13,0.5473050840104837,0.48858316955406766,0.6542908791048043,0.9849360550909986,0.10967411292996895,0.9940051647811117,0.314576593428497,4,11,0.9171376365881699,0.911465585231781
dense,train,74,257,64,0.2,4,0.7049868438108122,0.6358604256320359,0.4466471870510055,0.4274200934151479,0.9825535942064766,0.430333185793434,0.4629611883085769,4,3,0.9467249661684036,0.9578163623809814
dense,train,75,258,64,0.2,18,0.9758291250211685,0.6755086461108897,0.49737475307461054,0.9868195823348168,0.9648386677075201,0.5379635352286773,0.4567859709205437,17,7,0.9372342030207316,0.9398830831050873
dense,train,76,259,64,0.2,6,0.9775962995219705,0.9636279817413972,0.497911630452165,0.9844891680553776,0.9707034309885634,0.709300721805894,0.28652253909843606,6,2,0.9440109034379324,0.9381000697612762
dense,train,77,260,64,0.2,13,0.9766257298882317,0.9559371960484572,0.7381207509743604,0.9945742904841403,0.958677169292323,0.99457445222835,0.4816670497203708,2,12,0.9434374341597924,0.9463431239128113
dense,train,78,261,64,0.2,5,0.9874055100361464,0.9710746146926973,0.49839014568951523,0.9928139452152259,0.9819970748570669,0.42865258244795185,0.5681277089310787,4,5,0.9713842988014221,0.9863635897636414
dense,train,79,262,64,0.2,70,0.5123173633240462,0.39070851655554095,0.7149207618251361,0.0391319718271558,0.9855027548209366,0.4767362011872244,0.9531053224630477,69,3,0.9474468052387237,0.9586286842823029
dense,train,80,263,64,0.2,88,0.5084195386854331,0.5737867351886404,0.8320893433721908,0.031242903026960388,0.9855961743439058,0.7350341567649821,0.9291445299793993,86,9,0.9300597818060354,0.9327455759048462
dense,train,81,265,64,0.2,4,0.5511075449569576,0.05512805279923401,0.6129907403395672,0.4419696398588219,0.6602454500550933,0.4419696398588219,0.7840118408203125,1,4,0.9723731726408005,0.9803701639175415
dense,train,82,268,64,0.2,8,0.9070107445993953,0.7743806963960099,0.5208213104691479,0.9920674422945313,0.8219540469042594,0.5329523427578371,0.5086902781804588,6,5,0.9616784900426865,0.9609493911266327
dense,train,83,269,64,0.2,92,0.5154562506038379,0.13779179218945775,0.9010338259652202,0.05363167152042905,0.9772808296872468,0.8447589944649446,0.9573086574654956,84,10,0.9405768364667892,0.9444237351417542
dense,train,84,27,64,0.2,10,0.7300025587777309,0.5709608402523584,0.47554211485243325,0.7659518136086841,0.6940533039467777,0.5348790725564662,0.4162051571484003,10,5,0.9178107976913452,0.9133433699607849
dense,train,85,270,64,0.2,19,0.6447773440337028,0.10427607418283279,0.8709919748956731,0.330314783079282,0.9592399049881235,0.7827440448032229,0.9592399049881235,19,1,0.9474687701777408,0.9615215063095093
dense,train,86,274,64,0.2,5,0.9559585678184408,0.8906344774457567,0.4896676485270295,0.9474487495230497,0.9644683861138318,0.4252590955774797,0.5540762014765792,3,4,0.9487251281738281,0.9502981901168823
dense,train,87,276,64,0.2,21,0.3819716402551824,0.16764651938744168,0.7844764156089552,0.21680885248127446,0.5471344280290903,0.6107030591121675,0.9582497721057429,21,4,0.9509604289418175,0.9594857096672058
dense,train,88,28,64,0.2,6,0.4832700930470669,0.9188893708418546,0.48325684517824086,0.9594084894929055,0.007131696601228322,0.9593510536398467,0.007162636716634953,6,2,0.8999347587426504,0.8918620347976685
dense,train,89,280,64,0.2,4,0.4785394646551749,0.8970680415918014,0.4830974692685032,0.9408018784019353,0.01627705090841446,0.9463806970509383,0.019814241486068113,3,3,0.9280366748571396,0.9272867143154144
dense,train,90,281,64,0.2,3,0.905731131362542,0.8120564458202203,0.7171203288680628,0.9721745327329856,0.8392877299920984,0.9653078924544666,0.46893276528165895,2,3,0.9602625370025635,0.9710555672645569
dense,train,91,282,64,0.2,15,0.6225291844255284,0.5055858665736394,0.7338009406178001,0.9762546694818905,0.2688036993691662,0.9750994737517649,0.49250240748383545,2,15,0.9510401964187623,0.9519914388656616
dense,train,92,288,64,0.2,6,0.4959295620851963,0.9178106420537557,0.48529143860972807,0.9776662791409166,0.014192845029475895,0.9463154779520568,0.024267399267399268,5,6,0.9303987125555674,0.9255637228488922
dense,train,93,293,64,0.2,170,0.4968471412859137,0.15233476595780754,0.671536263438875,0.009280317484545523,0.9844139650872819,0.43166313090459546,0.9114093959731544,168,9,0.9197943140478695,0.9218952357769012
dense,train,94,294,64,0.2,106,0.4986588348314008,0.5178709853720639,0.6270594436381965,0.9871862569085085,0.010131412754293086,0.9753572168150756,0.2787616704613175,5,104,0.9197203983675759,0.9182661473751068
dense,train,95,299,64,0.2,29,0.8207761207787522,0.6214158732822082,0.4933173154563556,0.9218421378201163,0.7197101037373881,0.48470152259727706,0.5019331083154341,13,28,0.9258568471875684,0.9147334694862366
dense,train,96,3,64,0.2,10,0.07631122460479654,0.322500442352863,0.2667925601198614,0.10931536259541985,0.04330708661417323,0.4655008327385201,0.06808428750120274,8,5,0.9092979848384857,0.9129736125469208
dense,train,97,30,64,0.2,1,0.4836918307611717,0.9282107934003971,0.4836918307611717,0.006761763616154131,0.9606218979061893,0.006761763616154131,0.9606218979061893,1,1,0.9776154160499573,0.9776154160499573
dense,train,98,300,64,0.2,9,0.988256698142398,0.973709287250155,0.4976059937948487,0.9866468024057827,0.9898665938790133,0.5486411128473818,0.4465708747423156,5,7,0.94045090675354,0.9467704892158508
dense,train,99,302,64,0.2,3,0.9758173845535059,0.9455313252356119,0.49974150959468844,0.9593419636203042,0.9922928054867076,0.5442976090443816,0.45518541014499525,3,2,0.9744498133659363,0.9897633790969849
dense,train,100,303,64,0.2,2,0.987598191074681,0.972594204681755,0.49711347591326827,0.9880332314579656,0.9871631506913965,0.35278567586259896,0.6414412759639375,2,2,0.9921306371688843,0.9921306371688843
dense,train,101,304,64,0.2,22,0.4872711267761686,0.009703234111611558,0.4991336361046699,0.2913811927403915,0.6831610608119456,0.2821673882115376,0.7160998839978021,21,10,0.9147375415671956,0.9119572341442108
dense,train,102,308,64,0.2,4,0.835853743265109,0.4600878950539643,0.4320207048590279,0.7305173603985149,0.9411901261317032,0.6259050190207387,0.23813639069731712,4,2,0.9365450739860535,0.9434914588928223
dense,train,103,310,64,0.2,3,0.9617779533955255,0.8888079238706224,0.49361519857388664,0.9804461303479414,0.9431097764431098,0.8972327178718392,0.08999767927593409,3,3,0.9599329431851705,0.9545914530754089
dense,train,104,311,64,0.2,3,0.9628630611526083,0.8697707881813902,0.4941347855587466,0.9759465253278868,0.9497795969773299,0.8920628131492118,0.09620675796828144,3,3,0.943750778834025,0.9491390585899353
dense,train,105,315,64,0.2,2,0.9807454861260457,0.9462129903865554,0.49704762414753934,0.9912928671702654,0.970198105081826,0.9068563048061352,0.08723894348894348,2,2,0.9788904190063477,0.9788904190063477
dense,train,106,318,64,0.2,3,0.9774217505447413,0.9651519266268951,0.4974789828935587,0.9895974672094076,0.9652460338800752,0.7735588645739085,0.2213991012132088,3,2,0.9469597538312277,0.9743102788925171
dense,train,107,319,64,0.2,3,0.7470522296554588,0.6470398829383843,0.4916005284191317,0.5246377605521926,0.969466698758725,0.5432203651642004,0.439980691674063,3,3,0.9777856469154358,0.9808299541473389
dense,train,108,321,64,0.2,48,0.716388814155999,0.37856537081677044,0.4599781959134186,0.9670026754587466,0.4657749528532514,0.7121353535754711,0.2078210382513661,48,5,0.9136149746676286,0.9149609804153442
dense,train,109,322,64,0.2,1,0.4879444261714227,0.9591252742565368,0.4879444261714227,0.9752417228244946,0.0006471295183507442,0.9752417228244946,0.0006471295183507442,1,1,0.9745586514472961,0.9745586514472961
dense,train,110,323,64,0.2,3,0.5025693275326608,0.7386968026354128,0.5041968130577756,0.9195807382652286,0.08555791680009316,0.9195807382652286,0.08881288785032267,1,3,0.9250199993451437,0.9168771505355835
dense,train,111,324,64,0.2,9,0.8158292761184496,0.9239441971584903,0.5599901894844075,0.9584001833600734,0.6732583688768257,0.5266378744639614,0.5933425045048536,5,8,0.9148226645257738,0.8976459503173828
dense,train,112,325,64,0.2,64,0.466317716452321,0.3537505394640813,0.62798293475382,0.9156957716978662,0.016939661206775865,0.7802731663983121,0.475692703109328,13,64,0.912583907134831,0.9121178388595581
dense,train,113,327,64,0.2,3,0.8461757559839754,0.42003512410704813,0.4927822142118049,0.7129714811407544,0.9793800308271965,0.5197821584720411,0.46578226995156874,3,2,0.9484870433807373,0.963415265083313
dense,train,114,328,64,0.2,6,0.7303523941293724,0.806453609980267,0.49444450443640087,0.4961938594265415,0.9645109288322034,0.3604467439122622,0.6284422649605395,6,5,0.9519026875495911,0.9748527705669403
dense,train,115,329,64,0.2,2,0.49968799800717556,0.00020721794862064145,0.49968799800717556,0.47670497031848497,0.5226710256958661,0.47670497031848497,0.5226710256958661,1,2,0.927384078502655,0.927384078502655
dense,train,116,33,64,0.2,4,0.8939700360356899,0.0015363123943841588,0.49946566496300004,0.8430749973286114,0.9448650747427684,0.842742919921875,0.1561884100041251,4,3,0.9297446608543396,0.9249049425125122
dense,train,117,330,64,0.2,4,0.757435013215242,0.8083885888316793,0.6429007832938438,0.5410285807878142,0.9738414456426697,0.5505300642626172,0.7352715023250704,2,4,0.9525252282619476,0.9660950303077698
dense,train,118,331,64,0.2,11,0.509496219261129,0.6935297395805652,0.4864655643905632,0.0938872717650172,0.9251051667572409,0.19022524045109548,0.782705888330031,11,11,0.9011165174570951,0.8935901522636414
dense,train,119,332,64,0.2,3,0.8554728639928411,0.8463108436612315,0.49667941127372167,0.7377545518642943,0.9731911761213877,0.3619683709504069,0.6313904515970364,3,3,0.9571067690849304,0.9672567844390869
dense,train,120,334,64,0.2,2,0.9339712785314858,0.9044759406474033,0.4888771637947579,0.9717847614100535,0.896157795652918,0.651916332269582,0.3258379953199337,2,2,0.9574184119701385,0.9574184119701385
dense,train,121,337,64,0.2,2,0.8684024969732191,0.5404575956500075,0.42803877413880465,0.9728769028668572,0.7639280910795809,0.2367808322066997,0.6192967160709096,2,2,0.9877781867980957,0.9877781867980957
dense,train,122,34,64,0.2,42,0.9109764252086774,0.7362615279659966,0.49236677018586,0.9058642284067946,0.9160886220105601,0.7014902466350508,0.28324329373666923,42,2,0.9204464937959399,0.9207476675510406
dense,train,123,342,64,0.2,4,0.5309366109192128,0.8586531117852592,0.515449956844513,0.9777589994929863,0.08411422234543943,0.9777589994929863,0.053140914196039814,1,4,0.9190024435520172,0.9037061631679535
dense,train,124,343,64,0.2,6,0.9530722728858705,0.8822038670707172,0.49650684221730707,0.9554002794969055,0.9507442662748355,0.7572615384615384,0.23575214597307567,6,3,0.936358630657196,0.9358044266700745
dense,train,125,344,64,0.2,4,0.8441112400450482,0.04026690234063077,0.4996155411564085,0.7366818638435979,0.9515406162464985,0.7291774838887023,0.2700535984241147,4,4,0.9444175809621811,0.9438077509403229
dense,train,126,345,64,0.2,3,0.6944190666380774,0.47428060425447466,0.4068557006038067,0.961946142093201,0.42689199118295373,0.4684092329775658,0.34530216823004767,3,3,0.9244749744733175,0.9155139327049255
dense,train,127,346,64,0.2,16,0.6005206327355991,0.4906266429663168,0.594681008629187,0.25145023523500665,0.9495910302361915,0.2602578595215545,0.9291041577368195,14,4,0.9189225398004055,0.9154372811317444
dense,train,128,347,64,0.2,11,0.9463207091792201,0.9219332067666983,0.4927829083035833,0.9780263975723008,0.9146150207861392,0.4214436207569255,0.5641221958502411,11,3,0.9137621034275402,0.8953056335449219
dense,train,129,348,64,0.2,1,0.48483262879134253,0.8953709929755339,0.48483262879134253,0.004474796139513853,0.9651904614431712,0.004474796139513853,0.9651904614431712,1,1,0.9705610871315002,0.9705610871315002
dense,train,130,349,64,0.2,3,0.8348461532434319,0.048550194456092974,0.4987363899148387,0.9580847330157934,0.7116075734710705,0.29783067649848544,0.699642103331192,3,3,0.9556748867034912,0.9555495381355286
dense,train,131,350,64,0.2,4,0.9203188868485564,0.9267511997903191,0.8444315821684645,0.9842872467975011,0.8563505268996118,0.7217827246803422,0.9670804396565866,4,3,0.9624422341585159,0.9634753167629242
dense,train,132,351,64,0.2,3,0.9927084820657939,0.9857649447869337,0.7429020031969817,0.9973828289513267,0.988034135180261,0.9969334375563706,0.4888705688375927,2,3,0.9914349317550659,0.9923385381698608
dense,train,133,352,64,0.2,2,0.474229786894405,0.8394203546285707,0.474229786894405,0.94845957378881,0.0,0.94845957378881,0.0,2,0,0.9359580278396606,0.9359580278396606
dense,train,134,357,64,0.2,4,0.8342280221549546,0.6627831219189231,0.7868503446686469,0.6818778394750126,0.9865782048348967,0.5871224845023971,0.9865782048348967,4,1,0.9825935959815979,0.9856447577476501
dense,train,135,358,64,0.2,6,0.7108767508674823,0.2798596066389907,0.5528875817599734,0.5578848885962785,0.8638686131386861,0.8638091312909283,0.24196603222901852,6,5,0.9326943457126617,0.91549152135849
dense,train,136,359,64,0.2,3,0.7284272103519783,0.7153652757368848,0.7117405375663614,0.9550561797752809,0.5017982409286758,0.5974125931384591,0.8260684819942636,3,2,0.941421369711558,0.9257542490959167
dense,train,137,36,64,0.2,7,0.6969182662066075,0.864343429531565,0.4939716242703206,0.4209144607306935,0.9729220716825214,0.20721641502129307,0.7807268335193481,7,7,0.9497243421418327,0.9519608020782471
dense,train,138,362,64,0.2,14,0.5523111866889604,0.5202376268270549,0.48526623077623526,0.145557147975636,0.9590652254022848,0.3620198599030098,0.6085126016494607,14,12,0.9152168546404157,0.9124737679958344
dense,train,139,363,64,0.2,1,0.476897299363941,0.9202715871978774,0.476897299363941,0.00843152091665766,0.9453630778112243,0.00843152091665766,0.9453630778112243,1,1,0.9810818433761597,0.9810818433761597
dense,train,140,364,64,0.2,1,0.4234147327661098,0.07674951252521267,0.4234147327661098,0.6263449625040757,0.22048450302814393,0.6263449625040757,0.22048450302814393,1,1,0.9640814661979675,0.9640814661979675
dense,train,141,365,64,0.2,31,0.4895750845434323,0.3247444703534885,0.6180775567365702,0.08447424316093866,0.8946759259259259,0.4109046508351466,0.8252504626379937,28,8,0.9169839120680287,0.9195604920387268
dense,train,142,366,64,0.2,1,0.45242812567745644,0.8071866568506277,0.45242812567745644,0.9011406844106464,0.0037155669442664957,0.9011406844106464,0.0037155669442664957,1,1,0.9743742346763611,0.9743742346763611
dense,train,143,367,64,0.2,13,0.47950307515130725,0.9002664449234771,0.47950307515130725,0.9590061503026145,0.0,0.9590061503026145,0.0,13,0,0.9103918763307425,0.9030465483665466
dense,train,144,371,64,0.2,1,0.4833489517772653,0.9207000756579292,0.4833489517772653,0.9659820282413351,0.0007158753131954495,0.9659820282413351,0.0007158753131954495,1,1,0.9866976141929626,0.9866976141929626
dense,train,145,373,64,0.2,6,0.7073014900571859,0.3687382721565107,0.47462341861120383,0.9328144748220581,0.48178850529231376,0.22906171796288471,0.720185119259523,5,6,0.9445394575595856,0.9612210690975189
dense,train,146,374,64,0.2,9,0.5829582568487309,0.26965921971948226,0.5219632157723002,0.241131413410929,0.9247851002865329,0.7031355984460751,0.3407908330985254,9,8,0.9689555830425687,0.9829137921333313
dense,train,147,376,64,0.2,8,0.675043372024407,0.8135084557846118,0.9032158290019016,0.9839375755778138,0.36614916847100015,0.8603161976732624,0.9461154603305407,5,6,0.9377008900046349,0.9336915016174316
dense,train,148,377,64,0.2,11,0.4706015510493373,0.3456106774549516,0.5242639181576647,0.6324452049213721,0.3087578971773025,0.7898069963811821,0.2587208399341472,9,8,0.979525544426658,0.9813898205757141
dense,train,149,378,64,0.2,2,0.9134324929050517,0.8495753671117156,0.49271112118135785,0.8681318681318682,0.9587331176782353,0.17111569542895255,0.8143065469337631,2,2,0.9309097230434418,0.9309097230434418
dense,train,150,380,64,0.2,2,0.4823859751598658,0.8938878517344698,0.4823859751598658,0.9646779521056977,9.399821403393336e-05,0.9646779521056977,9.399821403393336e-05,2,1,0.9475352466106415,0.9475352466106415
dense,train,151,382,64,0.2,1,0.47875227831048417,0.8644329027577883,0.47875227831048417,0.9575045566209683,0.0,0.9575045566209683,0.0,1,0,0.9859665036201477,0.9859665036201477
dense,train,152,383,64,0.2,12,0.6340683371074827,0.782257318535145,0.5095715053926194,0.9696937809112912,0.2984428933036742,0.5995546719681909,0.419588338817048,9,8,0.912455141544342,0.9092848598957062
dense,train,153,387,64,0.2,6,0.812143264807023,0.9026098082147334,0.497934792373412,0.9859015091342335,0.6383850204798127,0.7760245997111398,0.21984498503568414,5,6,0.9467534025510153,0.9441618323326111
dense,train,154,388,64,0.2,3,0.7894087586028458,0.7540794931470038,0.5953553493799164,0.9380574384587942,0.6407600787468972,0.8502253390190174,0.34048535974081545,2,3,0.960523784160614,0.9620648622512817
dense,train,155,389,64,0.2,7,0.47342293317335876,0.8932255406792023,0.4805213174076368,0.9460008554319932,0.0008450109147243152,0.9598259569697293,0.0012166778455443073,7,7,0.9170576759747097,0.9081774353981018
dense,train,156,39,64,0.2,2,0.4750484173210897,0.40277118741721957,0.4452634690135423,0.23395989391895036,0.7161369407232291,0.1743899973038555,0.7161369407232291,2,1,0.9134927093982697,0.9134927093982697
dense,train,157,391,64,0.2,2,0.8621841809092052,0.5868779365741095,0.4422883244410378,0.7955299290342487,0.9288384327841617,0.6375349365766761,0.24704171230539942,2,2,0.9446060359477997,0.9446060359477997
dense,train,158,392,64,0.2,3,0.9384862068547787,0.8768007800796848,0.4937617608289456,0.9141081128184274,0.96286430089113,0.5050703051443918,0.48245321651349937,3,2,0.9447565277417501,0.9485522508621216
dense,train,159,393,64,0.2,2,0.9595764049235328,0.9210442748912033,0.4933944702180061,0.9662309368191722,0.9529218730278934,0.635346342365671,0.3514425980703412,2,2,0.9871976971626282,0.9871976971626282
dense,train,160,394,64,0.2,2,0.9754101913821234,0.9519175136413998,0.4956558356250383,0.9784696487290568,0.97235073403519,0.5796185202276573,0.4116931510224193,2,2,0.9879161715507507,0.9879161715507507
dense,train,161,395,64,0.2,2,0.5753451696434865,0.821139412981141,0.47765522167796187,0.9786081973581974,0.17208214192877566,0.7832945485064663,0.17201589484945742,2,2,0.9847997725009918,0.9847997725009918
dense,train,162,398,64,0.2,6,0.7056450095662049,0.7795893088264018,0.4839201982009386,0.9385236748064324,0.47276634432597736,0.7826546233925291,0.18518577300934816,6,6,0.9629697799682617,0.965153306722641
dense,train,163,399,64,0.2,11,0.6725958888579111,0.5196293035284514,0.49057696508260307,0.6175011276499774,0.7276906500658447,0.43076728102255857,0.5503866491426476,9,11,0.935350472276861,0.9368712306022644
dense,train,164,4,64,0.2,3,0.9429522441259729,0.9223784537175838,0.4937422867281167,0.978742684538418,0.9071618037135278,0.8072850552648689,0.1801995181913645,3,3,0.9433349768320719,0.9369267821311951
dense,train,165,40,64,0.2,3,0.8465756634429349,0.8331440437703905,0.49564602567957056,0.8290396500243039,0.8641116768615658,0.21452476056815903,0.7767672907909821,3,3,0.9160745739936829,0.9223909378051758
dense,train,166,400,64,0.2,6,0.6817366333872953,0.5426056157788035,0.5513332553129289,0.39878078385887306,0.9646924829157175,0.38318532403281813,0.7194811865930397,6,4,0.9233587682247162,0.9183675646781921
dense,train,167,403,64,0.2,3,0.5126266471701774,0.9296914377522132,0.49172048058387563,0.984839671344434,0.04041362299592069,0.9714044963964287,0.01203646477132262,3,3,0.9254861275355021,0.9056957364082336
dense,train,168,408,64,0.2,14,0.5318691846318859,0.45424112376139403,0.49210556696384167,0.1466074074074074,0.9171309618563644,0.5113737075332349,0.4728374263944485,13,14,0.9580195162977491,0.9843333661556244
dense,train,169,41,64,0.2,1,0.4026090242646401,0.5105645725749268,0.4026090242646401,0.0036148421164546194,0.8016032064128257,0.0036148421164546194,0.8016032064128257,1,1,0.9397743344306946,0.9397743344306946
dense,train,170,410,64,0.2,1,0.49161606618148634,0.9562080239235569,0.49161606618148634,0.9827078293775298,0.0005243029854428818,0.9827078293775298,0.0005243029854428818,1,1,0.9822204113006592,0.9822204113006592
dense,train,171,411,64,0.2,2,0.9506319221672057,0.8854012763055311,0.4887193613618781,0.946458137557614,0.9548057067767974,0.6550578901240832,0.322380832599673,2,2,0.9616861641407013,0.9616861641407013
dense,train,172,412,64,0.2,3,0.956450581301167,0.9136150380832412,0.4936716687924669,0.9436928918950991,0.9692082707072348,0.24843585454995973,0.738907483034974,2,3,0.9468671878178915,0.9727961421012878
dense,train,173,413,64,0.2,2,0.9707313193032625,0.9428202711900621,0.4931100634900887,0.9748529411764706,0.9666096974300544,0.5143862041183124,0.471833922861865,2,2,0.982274055480957,0.982274055480957
dense,train,174,414,64,0.2,9,0.5594031936413112,0.3544481719133563,0.4785049285179034,0.7565832721085805,0.3622231151740419,0.47973325601623656,0.47727660101957015,8,9,0.9496441549725003,0.9638003706932068
dense,train,175,416,64,0.2,3,0.49157390832721193,0.9565844928209799,0.49157390832721193,0.9827776975994612,0.00037011905496267967,0.9827776975994612,0.00037011905496267967,3,1,0.9231570561726888,0.8955827951431274
dense,train,176,417,64,0.2,2,0.4878803524135434,0.8701887415885082,0.4727409459636248,0.9496606185458099,0.02610008628127696,0.9319495192930628,0.013532372634186881,2,2,0.9522020220756531,0.9522020220756531
dense,train,177,418,64,0.2,6,0.5962613631257225,0.30035677247843795,0.6301143646777608,0.905870523629051,0.2866522026223941,0.905870523629051,0.35435820572647064,1,6,0.9195227026939392,0.9179855585098267
dense,train,178,422,64,0.2,25,0.9883587408876928,0.9665710791513628,0.49889731363153744,0.9933269780743565,0.9833905037010291,0.49542184935813866,0.5023727779049363,2,25,0.904396185874939,0.8930527567863464
dense,train,179,423,64,0.2,2,0.9785996362236449,0.939036999734284,0.49636723880217826,0.9858791641164641,0.9713201083308257,0.3481312375634361,0.6446032400409204,2,2,0.9798306524753571,0.9798306524753571
dense,train,180,424,64,0.2,3,0.4905156983256929,0.9450939481235189,0.489693624216059,0.9782581962173197,0.002773200434066155,0.9782581962173197,0.0011290522147983173,2,2,0.9235502878824869,0.8952521085739136
dense,train,181,425,64,0.2,6,0.9345250813314976,0.8560527420620904,0.4926432267662867,0.9266326893445538,0.9424174733184413,0.6238549060060661,0.36143154752650725,5,5,0.9310659468173981,0.9238513112068176
dense,train,182,426,64,0.2,1,0.4846747431879066,0.9540706525336097,0.4846747431879066,0.0027094013146754105,0.9666400850611377,0.0027094013146754105,0.9666400850611377,1,1,0.978128969669342,0.978128969669342
dense,train,183,428,64,0.2,1,0.4877430928003919,0.9398814447556274,0.4877430928003919,0.9752847944526993,0.00020139114808446034,0.9752847944526993,0.00020139114808446034,1,1,0.9927749633789062,0.9927749633789062
dense,train,184,429,64,0.2,7,0.714750329514018,0.6908458962442852,0.47687498189569066,0.9501527534793848,0.4793479055486512,0.6106957735247209,0.34305419026666045,7,7,0.9185080698558262,0.9148772954940796
dense,train,185,431,64,0.2,1,0.48753687802556,0.9306351295207568,0.48753687802556,0.9747167296156409,0.00035702643547911396,0.9747167296156409,0.00035702643547911396,1,1,0.9844225645065308,0.9844225645065308
dense,train,186,432,64,0.2,14,0.5678684578148667,0.283541144927205,0.532741764181744,0.3282030130682065,0.8075339025615269,0.6821241815031206,0.3833593468603674,14,11,0.9487508450235639,0.9530740082263947
dense,train,187,434,64,0.2,7,0.6901729218736374,0.544758228891706,0.5253699431731433,0.573049741777657,0.8072961019696179,0.44913294797687864,0.6016069383694082,6,3,0.933152335030692,0.9251672625541687
dense,train,188,436,64,0.2,2,0.9571123371554409,0.9361793138308029,0.4946695536145127,0.9822799763733018,0.9319446979375798,0.3636518744862031,0.6256872327428222,2,2,0.9479643702507019,0.9479643702507019
dense,train,189,437,64,0.2,2,0.9602593209454038,0.9164673738561578,0.49100066451948476,0.9535327816677276,0.9669858602230801,0.2809384346959123,0.7010628943430572,2,2,0.9758270382881165,0.9758270382881165
dense,train,190,44,64,0.2,13,0.5794885739392444,0.04216087292083951,0.716062674668988,0.22280693511253113,0.9361702127659575,0.5090484262610528,0.9230769230769231,13,2,0.9134441935099088,0.907589852809906
dense,train,191,440,64,0.2,1,0.4820012563675776,0.9693145078389196,0.4820012563675776,0.0038670824162386893,0.9601354303189166,0.0038670824162386893,0.9601354303189166,1,1,0.9713359475135803,0.9713359475135803
dense,train,192,441,64,0.2,2,0.9665502338653522,0.9265063787626125,0.49442817697913977,0.9509772847332277,0.9821231829974766,0.13948063584261505,0.8493757181156645,2,2,0.9628397226333618,0.9628397226333618
dense,train,193,442,64,0.2,1,0.4768066101088434,0.9465773380264562,0.4768066101088434,0.9457211046709854,0.007892115546701403,0.9457211046709854,0.007892115546701403,1,1,0.9477561712265015,0.9477561712265015
dense,train,194,443,64,0.2,2,0.46513778919111354,0.7643749546928658,0.4657489993827221,0.908019466291487,0.022256112090740122,0.9012036108324974,0.030294387932946733,2,2,0.9227913320064545,0.9227913320064545
dense,train,195,444,64,0.2,2,0.9686137719668981,0.9239868222776587,0.49323180153357715,0.9703108627314007,0.9669166812023955,0.7272629821901655,0.25920062087698875,2,2,0.9792547821998596,0.9792547821998596
dense,train,196,447,64,0.2,1,0.4632804051715534,0.9032624236541014,0.4632804051715534,0.003878383850970375,0.9226824264921364,0.003878383850970375,0.9226824264921364,1,1,0.9613445401191711,0.9613445401191711
dense,train,197,448,64,0.2,2,0.9728965419364073,0.9458220465098329,0.4953806088256453,0.9702750146284377,0.975518069244377,0.5139330781881619,0.4768281394631287,2,2,0.9917560815811157,0.9917560815811157
dense,train,198,449,64,0.2,2,0.9698904730181325,0.9389631675710135,0.7455939291285278,0.9617086948925514,0.9780722511437135,0.5131156071133421,0.9780722511437135,2,1,0.9927422106266022,0.9927422106266022
dense,train,199,45,64,0.2,3,0.988959597713813,0.9706388782433809,0.4979184025130933,0.9869939064042969,0.9909252890233291,0.6284779551152694,0.3673588499109172,3,2,0.9781065980593363,0.9840880632400513
dense,train,200,450,64,0.2,45,0.5700025999796712,0.6416398400258457,0.8117548643198328,0.9583034892049525,0.18170171075438993,0.7321748166964955,0.89133491194317,30,30,0.922844472196367,0.9202947616577148
dense,train,201,451,64,0.2,2,0.9542879613583943,0.8988714502496915,0.49147808077948774,0.9467413742258921,0.9618345484908964,0.25059595219918046,0.732360209359795,2,2,0.9754654169082642,0.9754654169082642
dense,train,202,452,64,0.2,1,0.49325150640178894,0.9586019127443761,0.49325150640178894,0.0035646241779853727,0.9829383886255925,0.0035646241779853727,0.9829383886255925,1,1,0.9676203727722168,0.9676203727722168
dense,train,203,453,64,0.2,11,0.5020627921074221,0.24438204990503712,0.6357109203084774,0.27393352051444614,0.7301920637003981,0.6997814620680589,0.5716403785488959,10,4,0.9750343073498119,0.9798489212989807
dense,train,204,455,64,0.2,7,0.9369042947249895,0.8413453760770133,0.4925896245240317,0.9305886736214605,0.9432199158285184,0.7696595751179803,0.2155196739300831,6,4,0.911956284727369,0.8957087397575378
dense,train,205,456,64,0.2,2,0.9054999782861497,0.8230877538649942,0.49023000485209856,0.9263204719985015,0.8846794845737979,0.6144193333229925,0.3660406763812047,2,2,0.9301721155643463,0.9301721155643463
dense,train,206,457,64,0.2,3,0.8447179508856981,0.2233971217903277,0.49426819949984113,0.9602574992176673,0.729178402553729,0.3366922336428283,0.651844165356854,3,2,0.958613395690918,0.9772723913192749
dense,train,207,461,64,0.2,5,0.47322002410001196,0.8898283965223271,0.48119332703779566,0.9461074785451573,0.00033256965486660263,0.9620540844207247,0.00033256965486660263,5,1,0.9181335687637329,0.908924400806427
dense,train,208,463,64,0.2,32,0.4211245378383154,0.08064138920607859,0.8463817003199561,0.08282039141414141,0.7594286842624893,0.7312049590814707,0.9615584415584416,32,5,0.9389116577804089,0.9423512518405914
dense,train,209,464,64,0.2,99,0.48670092536482235,0.329863480052864,0.6895741209461893,0.017300773176146367,0.9561010775534983,0.4276285137443702,0.9515197281480083,99,2,0.9278547179819358,0.9283468723297119
dense,train,210,465,64,0.2,1,0.4753867982796556,0.9489439518944569,0.4753867982796556,0.0026022419315102244,0.9481713546278009,0.0026022419315102244,0.9481713546278009,1,1,0.9658715724945068,0.9658715724945068
dense,train,211,466,64,0.2,2,0.8268097995263552,0.20503387808774753,0.497489326643987,0.7899746747008994,0.8636449243518112,0.14287468344716445,0.8521039698408095,2,2,0.9101318717002869,0.9101318717002869
dense,train,212,467,64,0.2,5,0.4447926568443393,0.6774529464303327,0.4229335719775787,0.8384523488381055,0.05113296485057306,0.7712062256809339,0.0746609182742235,3,5,0.907650089263916,0.9113034009933472
dense,train,213,468,64,0.2,3,0.9533922255639204,0.9422524232217814,0.495431561778124,0.93539743181577,0.9713870193120709,0.5445262882713866,0.4463368352848614,3,2,0.9298622210820516,0.9384464621543884
dense,train,214,469,64,0.2,6,0.6305035302139339,0.7783926452815915,0.4937724625332104,0.2869774919614148,0.9740295684664529,0.33417310664605876,0.6533718184203621,6,6,0.9838199317455292,0.98455810546875
dense,train,215,47,64,0.2,12,0.6425430475107932,0.5756419893495249,0.5410877389180853,0.9494663789584183,0.335619716063168,0.7059882057063568,0.3761872721298136,3,12,0.9152806500593821,0.9105428159236908
dense,train,216,471,64,0.2,8,0.7714090430593834,0.7804185653233902,0.4942422917658425,0.9549163847955153,0.5879017013232514,0.6266895019440845,0.36179508158760054,8,8,0.9442840069532394,0.9592658579349518
dense,train,217,472,64,0.2,1,0.4800130975072707,0.913454508484393,0.4800130975072707,0.9593245062836625,0.0007016887308789821,0.9593245062836625,0.0007016887308789821,1,1,0.961891770362854,0.961891770362854
dense,train,218,473,64,0.2,8,0.10515039100739372,-0.0275337519242152,0.3775975539048127,0.18670605612998523,0.02359472588480222,0.7316003819248231,0.02359472588480222,8,1,0.907253310084343,0.9037520885467529
dense,train,219,474,64,0.2,4,0.5110838544843941,0.6458800303547345,0.5002537251848055,0.12315395705880061,0.8990137519099874,0.10149369845962346,0.8990137519099874,4,1,0.9548932909965515,0.9526573717594147
dense,train,220,476,64,0.2,83,0.4823663845053341,0.9084190072851005,0.48237795777570885,0.9647015253570353,3.124365363285583e-05,0.9647246718977849,3.124365363285583e-05,83,1,0.9116024317511593,0.9085254669189453
dense,train,221,478,64,0.2,2,0.9183809777954599,0.8482169024214685,0.48605970847321583,0.876624286715387,0.960137668875533,0.6731600079385677,0.298959409007864,2,2,0.9330613315105438,0.9330613315105438
dense,train,222,479,64,0.2,48,0.4756315287141506,0.24204156984257807,0.5574624573325371,0.9361439588688946,0.015119098559406647,0.7898002549936252,0.3251246596714491,5,48,0.9065528810024261,0.9041715562343597
dense,train,223,48,64,0.2,10,0.4239021128939058,0.41680747216733033,0.4097087398950279,0.7518964134295864,0.09590781235822521,0.6160702751582483,0.2033472046318075,9,9,0.9374173700809478,0.9329549670219421
dense,train,224,485,64,0.2,4,0.7557440252116991,0.7696756871256637,0.58188434603068,0.5310827357005422,0.980405314722856,0.4221737594643159,0.741594932597044,4,2,0.985788032412529,0.9865134954452515
dense,train,225,492,64,0.2,1,0.4876843342594572,0.944501807129348,0.4876843342594572,0.9753686685189144,0.0,0.9753686685189144,0.0,1,0,0.9851648807525635,0.9851648807525635
dense,train,226,5,64,0.2,10,0.5196746263513516,0.9054681546293483,0.4980386972677251,0.9904673228695575,0.048881929833145765,0.9322783094597694,0.06379908507568081,5,10,0.9240221679210663,0.9254872798919678
dense,train,227,51,64,0.2,3,0.9911114476231352,0.980484309505053,0.4984411271098235,0.9970246573608078,0.9851982378854626,0.4835659128939652,0.5133163413256818,2,3,0.9901819427808126,0.9904032945632935
dense,train,228,54,64,0.2,1,0.4959429893075912,0.9603293558406621,0.4959429893075912,0.985028905728171,0.006857072887011357,0.985028905728171,0.006857072887011357,1,1,0.9884828925132751,0.9884828925132751
dense,train,229,56,64,0.2,1,0.4572706067607585,0.8508709118866677,0.4572706067607585,0.0008406293617561223,0.9137005841597609,0.0008406293617561223,0.9137005841597609,1,1,0.9756284952163696,0.9756284952163696
dense,train,230,58,64,0.2,1,0.475818933346508,0.7423943242310976,0.475818933346508,0.06899867222196786,0.8826391944710481,0.06899867222196786,0.8826391944710481,1,1,0.9845521450042725,0.9845521450042725
dense,train,231,59,64,0.2,65,0.5061814238800098,0.3921929673221048,0.5734858282778779,0.06805661496737012,0.9443062327926494,0.5257065614269512,0.6212650951288046,65,30,0.9447675191439115,0.9515842199325562
dense,train,232,60,64,0.2,15,0.7727113334266011,0.32481350359188826,0.8190716858212772,0.9888212756366914,0.556601391216511,0.9888212756366914,0.649322096005863,1,15,0.9492674430211385,0.9593125581741333
dense,train,233,63,64,0.2,5,0.754797746176731,0.6481045454491652,0.4775689823159003,0.5386364329966125,0.9709590593568495,0.5847015380859375,0.3704364265458631,4,3,0.9243650197982788,0.9028139710426331
dense,train,234,67,64,0.2,8,0.49982353801807405,0.058046476612751224,0.49982353801807405,0.378814697265625,0.6208323787705231,0.378814697265625,0.6208323787705231,2,8,0.9615698084235191,0.973045825958252
dense,train,235,69,64,0.2,11,0.5838293843867575,0.39176470479537756,0.6664120394932145,0.907041998551774,0.26061677022174085,0.819757036715657,0.5130670422707718,5,11,0.947975055737929,0.9517750144004822
dense,train,236,70,64,0.2,5,0.7682924110421776,0.9859546599453098,0.5013890584059455,0.5443055449037503,0.992279277180605,0.5443055449037503,0.45847257190814067,4,2,0.9291576862335205,0.9021542072296143
dense,train,237,71,64,0.2,5,0.8809644534111793,0.8532518745842362,0.502634017305199,0.7728424072265625,0.9890864995957963,0.810089111328125,0.19517892328227293,5,3,0.9545228004455566,0.9637881517410278
dense,train,238,73,64,0.2,3,0.95380156965238,0.9088296812476145,0.7203944186712808,0.9768918073796122,0.930711331925148,0.9358256757161244,0.5049631616264373,2,3,0.9540846943855286,0.9378628134727478
dense,train,239,74,64,0.2,3,0.7882167437917136,0.6823094009706046,0.4517138832124688,0.6670708527233401,0.9093626348600871,0.32767619840532836,0.5757515680196093,3,2,0.9680959781010946,0.9704764485359192
dense,train,240,76,64,0.2,47,0.501855333326945,0.6582673313350426,0.586057444693042,0.9906901979170155,0.013020468736874527,0.9909246173939252,0.18119027199215879,2,46,0.9031432600731545,0.9014846682548523
dense,train,241,77,64,0.2,23,0.32791759086496575,0.7599220134237653,0.4649440732884458,0.009872982417216706,0.6459621993127148,0.04703463933973553,0.882853507237156,18,19,0.9093467878258746,0.8995693922042847
dense,train,242,78,64,0.2,60,0.9730153026117341,0.9449874401687325,0.4959096501002126,0.9759027680202332,0.970127837203235,0.6454251883745964,0.3463941118258288,60,4,0.9136312653621038,0.9151825904846191
dense,train,243,79,64,0.2,2,0.44406262617327724,0.8577795675162116,0.4374492078710679,0.02651984400091764,0.8616054083456368,0.029931972789115645,0.8449664429530201,2,2,0.8856467604637146,0.8856467604637146
dense,train,244,8,64,0.2,3,0.652084765454161,0.5919169624508136,0.4659332670542916,0.42736986719584796,0.8767996637124742,0.42798919265466867,0.5038773414539145,3,2,0.9378257195154825,0.9606727361679077
dense,train,245,84,64,0.2,1,0.4866992809000078,0.9368981020696079,0.4866992809000078,0.9625841855824395,0.010814376217576046,0.9625841855824395,0.010814376217576046,1,1,0.9549948573112488,0.9549948573112488
dense,train,246,85,64,0.2,7,0.9711795599748075,0.954205370503324,0.4963766530346664,0.9969756501059814,0.9453834698436336,0.6012406330648923,0.39151267300444054,6,4,0.9495290092059544,0.9636051654815674
dense,train,247,86,64,0.2,1,0.47225384275622073,0.8681889190667662,0.47225384275622073,0.031942384440129055,0.9125653010723124,0.031942384440129055,0.9125653010723124,1,1,0.9234316349029541,0.9234316349029541
dense,train,248,88,64,0.2,1,0.48285693172346283,0.9202937770145303,0.48285693172346283,0.005468120701406531,0.9602457427455191,0.005468120701406531,0.9602457427455191,1,1,0.9529017806053162,0.9529017806053162
dense,train,249,91,64,0.2,70,0.44818629150384515,0.3635196364182561,0.5138023867085779,0.7330004809564162,0.1633721020512741,0.7362984678102742,0.29130630560688164,58,14,0.9122603246143886,0.9111497700214386
dense,train,250,93,64,0.2,10,0.8185798397178783,-0.010847179560899771,0.5005332471958532,0.6498064384678076,0.987353240967949,0.5712475380551781,0.4298189563365282,8,8,0.9343774497509003,0.9163228571414948
dense,train,251,95,64,0.2,6,0.8394320647432023,0.030130041598974273,0.48714342328985283,0.9826652568169438,0.6961988726694609,0.4942091754892525,0.4800776710904532,5,6,0.9502015511194865,0.959021121263504
dense,train,252,96,64,0.2,12,0.8745202085882258,0.7196448807085015,0.483646378760136,0.9860476915271436,0.762992725649308,0.4494361616061552,0.5178565959141168,5,12,0.9427492916584015,0.9411640167236328
dense,test,253,1,64,0.2,6,0.9517497176052201,0.8308723814755662,0.48677369254766206,0.9582201086956522,0.9452793265147879,0.1793605571383349,0.7941868279569892,5,6,0.9202602704366049,0.9222511649131775
dense,test,254,101,64,0.2,21,0.48860586737861117,0.5626451995935181,0.5121390303421386,0.08040183892388898,0.8968098958333334,0.23389149569110926,0.7903865649931678,21,8,0.9207069306146531,0.9210433959960938
dense,test,255,102,64,0.2,11,0.34409288567418894,0.5927574011298363,0.45095591263236007,0.09350233559019577,0.594683435758182,0.08044825643273024,0.8214635688319899,11,9,0.9414905634793368,0.959977924823761
dense,test,256,103,64,0.2,3,0.8486274757879178,0.27942168759499997,0.49941778350049215,0.7813562173986203,0.9158987341772152,0.7133396404919584,0.2854959265090259,3,2,0.9383298953374227,0.9575213193893433
dense,test,257,104,64,0.2,4,0.320652274695452,0.49408897665692697,0.21135230561230564,0.033910721098817244,0.6073938282920868,0.051446012972148035,0.37125859825246327,4,4,0.9098580777645111,0.9109734296798706
dense,test,258,106,64,0.2,4,0.88990458162079,-0.0005563186699079451,0.49985650254099434,0.854644775390625,0.925164387850955,0.854644775390625,0.14506822969136368,4,4,0.9575615525245667,0.9521138668060303
dense,test,259,12,64,0.2,1,0.01189900072487282,0.0025808251783221684,0.01189900072487282,0.023198515295021118,0.0005994861547245218,0.023198515295021118,0.0005994861547245218,1,1,0.8867637515068054,0.8867637515068054
dense,test,260,121,64,0.2,1,0.49005779503865277,0.9273851378749687,0.49005779503865277,0.9703101593772255,0.009805430700080045,0.9703101593772255,0.009805430700080045,1,1,0.9639651775360107,0.9639651775360107
dense,test,261,122,64,0.2,2,0.9406680713033891,0.8832492233829861,0.4943717505038485,0.9269634061584021,0.9543727364483762,0.48919407743478127,0.4995494235729157,2,2,0.9874615967273712,0.9874615967273712
dense,test,262,125,64,0.2,63,0.49868457777789876,0.8340743067116101,0.5573829824308,0.015466239551529105,0.9819029160042684,0.13286304885733166,0.9819029160042684,63,1,0.901443120033022,0.8971499800682068
dense,test,263,128,64,0.2,10,0.676915527400433,0.6823650895536005,0.6245803999719022,0.8938289244216586,0.4600021303792075,0.9723488748345345,0.27681192510927,2,9,0.9378115653991699,0.9361106753349304
dense,test,264,129,64,0.2,1,0.48694937855707143,0.9401465512312499,0.48694937855707143,0.9625936100553193,0.01130514705882353,0.9625936100553193,0.01130514705882353,1,1,0.9602586030960083,0.9602586030960083
dense,test,265,13,64,0.2,8,0.4853064562190658,0.5708989670076472,0.5082051163350687,0.11084990367975969,0.859763008758372,0.15649266440635595,0.8599175682637815,4,5,0.9082364439964294,0.9013852775096893
dense,test,266,134,64,0.2,2,0.495526384036076,0.9638117449112701,0.4950987787114389,0.9852256395515953,0.005827128520556815,0.9852256395515953,0.004971917871282571,1,2,0.9357344806194305,0.9357344806194305
dense,test,267,139,64,0.2,1,0.4392172360476387,0.7925620206546166,0.4392172360476387,0.004451873161794249,0.8739825989334831,0.004451873161794249,0.8739825989334831,1,1,0.9581320285797119,0.9581320285797119
dense,test,268,14,64,0.2,3,0.9809447842666343,0.9642089035167501,0.4960831931122367,0.9872294739221337,0.974660094611135,0.5387188776690048,0.4534475085554686,3,3,0.9772218267122904,0.9814385175704956
dense,test,269,142,64,0.2,2,0.4392804845060367,0.8176818081369917,0.4448017969946813,0.017397741995187857,0.8611632270168855,0.028440366972477066,0.8611632270168855,2,1,0.9050465226173401,0.9050465226173401
dense,test,270,149,64,0.2,1,0.4602958494588705,0.8220602038027379,0.4602958494588705,0.005048172625209013,0.915543526292532,0.005048172625209013,0.915543526292532,1,1,0.9567204117774963,0.9567204117774963
dense,test,271,15,64,0.2,4,0.5096341233138878,0.8055847170071887,0.4810547749901297,0.06489668370436763,0.954371562923408,0.056109248457569774,0.9060003015226896,4,2,0.9482758343219757,0.953472375869751
dense,test,272,175,64,0.2,1,0.4313680466888836,0.7946423401249914,0.4313680466888836,0.014269596860053075,0.8484664965177142,0.014269596860053075,0.8484664965177142,1,1,0.969986617565155,0.969986617565155
dense,test,273,176,64,0.2,4,0.7035622837852594,0.5395143919308992,0.4797090102182811,0.5343771272974813,0.8727474402730375,0.0627400565025553,0.8966779639340069,3,4,0.9612139314413071,0.9780578315258026
dense,test,274,18,64,0.2,20,0.4001136222964967,0.23194477194697227,0.6268206125470182,0.7078324225865209,0.09239482200647249,0.8669637519700016,0.38667747312403467,5,20,0.9229654431343078,0.9204154014587402
dense,test,275,181,64,0.2,4,0.7541088261023066,0.759139730364517,0.8534903650949909,0.552433985988863,0.9557836662157503,0.9823107283817725,0.7246700018082093,3,2,0.9216250330209732,0.9218369722366333
dense,test,276,182,64,0.2,6,0.49353813381640077,0.9552601793236202,0.4988232478024398,0.004755195491370201,0.9823210721414314,0.009806475338246787,0.9878400202666329,6,2,0.917784164349238,0.9037324488162994
dense,test,277,183,64,0.2,8,0.9913149187680639,0.9810355728682028,0.7677534802987671,0.9946426731687215,0.9879871643674063,0.9837116970375649,0.5517952635599694,4,7,0.932388924062252,0.9177014231681824
dense,test,278,184,64,0.2,40,0.9733467272632795,0.5526224528814144,0.7519518469830628,0.9784949672471641,0.968198487279395,0.9786561012237595,0.5252475927423662,39,9,0.9362362995743752,0.9402987957000732
dense,test,279,185,64,0.2,15,0.9815827922687057,0.39310035764778045,0.7867795620875951,0.9903473464519976,0.9728182380854137,0.9904591532498509,0.5830999709253394,2,14,0.9543218890825907,0.9617642760276794
dense,test,280,186,64,0.2,28,0.7251288565285146,0.4584270203170467,0.7027658533030104,0.5196350955220863,0.9306226175349428,0.4803535593376124,0.9251781472684085,17,13,0.9196993368012565,0.9192303717136383
dense,test,281,189,64,0.2,4,0.8968490408289013,0.3518810621823031,0.49405373425102006,0.8639773055101452,0.9297207761476574,0.9204394598306248,0.0676680086714153,4,2,0.9651579409837723,0.9731452167034149
dense,test,282,194,64,0.2,31,0.5515331626663074,0.5025602027720235,0.6983800811171379,0.9836121970289289,0.11945412830368582,0.9547995575618068,0.44196060467246906,3,30,0.9527121686166332,0.9546614289283752
dense,test,283,197,64,0.2,29,0.978892148102017,0.9490102853314474,0.4971724618491105,0.9823153571156918,0.9754689390883421,0.39892332538644926,0.5954215983117718,9,24,0.9112923987980547,0.9076476097106934
dense,test,284,2,64,0.2,36,0.5577001474385138,0.5117422471889248,0.5987381985584415,0.22102167817821242,0.8943786166988151,0.4257416662845614,0.7717347308323215,34,9,0.9343062722020679,0.9342440366744995
dense,test,285,200,64,0.2,61,0.9767363322353305,0.9390311378840347,0.49671426303526023,0.9713307005869134,0.9821419638837476,0.6889859365695002,0.3044425895010202,53,11,0.9293891807071498,0.9304375052452087
dense,test,286,201,64,0.2,42,0.2788327632327054,0.24709542294251843,0.7969608100598318,0.49852684935846664,0.059138677106944156,0.9829592159342396,0.610962404185424,4,40,0.9440575625215258,0.9434495270252228
dense,test,287,202,64,0.2,4,0.9831893519619496,0.9579801493069329,0.4981263851535317,0.9819629941873363,0.9844157097365628,0.6823308557561698,0.31392191455089363,4,3,0.9654236435890198,0.985897421836853
dense,test,288,205,64,0.2,6,0.9637789665262848,0.9139170888617082,0.4934345557944811,0.9467399416514011,0.9808179914011685,0.4317500806736635,0.5551190309152987,4,5,0.9487067957719167,0.9604573249816895
dense,test,289,207,64,0.2,4,0.9942007819263908,0.9835611248071842,0.49864930407596947,0.9928331139388621,0.9955684499139196,0.5189811488067027,0.4783174593452363,3,3,0.9732877463102341,0.9882795810699463
dense,test,290,210,64,0.2,3,0.9496605442666791,0.8934507148410029,0.488429372391076,0.9539798922401822,0.945341196293176,0.5367563263968028,0.4401024183853492,3,3,0.9619426528612772,0.9623209834098816
dense,test,291,213,64,0.2,3,0.9934322669506155,0.9850862036893928,0.49832404282564174,0.9916065538601807,0.9952579800410504,0.5655364295105023,0.4311116561407812,3,2,0.9937158028284708,0.9947023987770081
dense,test,292,214,64,0.2,7,0.9920096947006795,0.9851014221834792,0.7227623739125606,0.9966545860050181,0.9873648033963408,0.9967382213548927,0.44878652647022865,2,7,0.948208885533469,0.9515281915664673
dense,test,293,215,64,0.2,12,0.9871523836307369,0.8843965371114275,0.7052095328005329,0.9933924763734961,0.9809122908879776,0.9936822154364536,0.4167368501646122,2,12,0.927790492773056,0.9198178946971893
dense,test,294,216,64,0.2,5,0.8658574828261885,0.7707626482104825,0.4987950855908135,0.9157212850613264,0.8159936805910506,0.45884076549766506,0.5387494056839619,3,5,0.91813884973526,0.9039961695671082
dense,test,295,219,64,0.2,5,0.9875742532367473,0.9734071932715839,0.4989735319403579,0.9929628650720232,0.9821856414014714,0.46079784135160823,0.5371492225291075,3,5,0.9694735884666443,0.9883161187171936
dense,test,296,22,64,0.2,7,0.49589692627691756,0.9009251694002557,0.5042601423535513,0.01264661737728612,0.979147235176549,0.03721989544801443,0.9713003892590882,7,2,0.914988500731332,0.904931366443634
dense,test,297,221,64,0.2,3,0.9935426385893729,0.9854627726315023,0.49865580274438276,0.9968854674737028,0.9901998097050428,0.5199295073174469,0.4773820981713186,2,3,0.9938821991284689,0.9943469166755676
dense,test,298,222,64,0.2,4,0.9746284173372539,0.9484510453496123,0.49746544757231836,0.9671089515978322,0.9821478830766757,0.24119453400890525,0.7537363611357315,4,4,0.966105118393898,0.9758150279521942
dense,test,299,224,64,0.2,4,0.992678956571121,0.983646883181443,0.4988063587949947,0.9923132573702297,0.9930446557720124,0.5036139423297321,0.4939987752602572,3,4,0.970674604177475,0.9747244417667389
dense,test,300,229,64,0.2,10,0.9910161839022946,0.9781406069663808,0.7800396361891753,0.9958639874089528,0.9861683803956365,0.9813913231634751,0.5786879492148754,3,10,0.9357061564922333,0.928219199180603
dense,test,301,237,64,0.2,3,0.9765031708235437,0.9520642007777533,0.49518431325048684,0.983191942299749,0.9698143993473384,0.47831256466082983,0.5120560618401439,3,3,0.980888287226359,0.9822534918785095
dense,test,302,24,64,0.2,2,0.9526833225564235,0.8479777636568897,0.8780863011745442,0.9537480355250174,0.9516186095878295,0.8045539927612589,0.9516186095878295,2,1,0.9359377920627594,0.9359377920627594
dense,test,303,240,64,0.2,35,0.40775383445579577,0.21387081055124504,0.7577630624330589,0.09215898016698712,0.7233486887446045,0.8393719806763285,0.6761541441897893,33,11,0.9378306354795184,0.9477341175079346
dense,test,304,244,64,0.2,6,0.619412448836875,0.2997225397714314,0.6350305648872587,0.6921152953990762,0.5467096022746737,0.7324676513671875,0.5375934784073301,3,5,0.9190529584884644,0.9079083204269409
dense,test,305,245,64,0.2,10,0.732319266822379,0.4596212309984521,0.7619443354456084,0.9303314210243923,0.5343071126203657,0.8818903798755917,0.641998291015625,5,8,0.9399606287479401,0.9493109881877899
dense,test,306,246,64,0.2,3,0.9866226446737305,0.9718200851817512,0.7576196546497408,0.9944873561744816,0.9787579331729794,0.9944873561744816,0.520751953125,1,3,0.9685430725415548,0.9922452569007874
dense,test,307,247,64,0.2,5,0.8746838068974205,0.8041772723350233,0.7607878253116416,0.7742522498676548,0.9751153639271862,0.9935760171306209,0.5279996334926622,4,4,0.9588394880294799,0.9511449933052063
dense,test,308,25,64,0.2,7,0.5292372638492006,0.771021101253175,0.5386455549862637,0.07835802284403212,0.980116504854369,0.09717460511815844,0.980116504854369,7,1,0.9219392027173724,0.9140141606330872
dense,test,309,250,64,0.2,3,0.9503252959850939,0.900254794691934,0.4915947597385817,0.9414857365397722,0.9591648554304156,0.3073905734387647,0.6757989460383987,3,3,0.9466412464777628,0.9717973470687866
dense,test,310,251,64,0.2,14,0.9874667408257394,0.7025314869251033,0.49805078500172173,0.9929967629482072,0.9819367187032717,0.4917019801217351,0.5043995898817084,3,14,0.9473922422954014,0.9531139731407166
dense,test,311,253,64,0.2,7,0.9008593160827181,0.7723045572337139,0.47789605455844697,0.9536298400903362,0.8480887920750998,0.44300487934853205,0.5127872297683619,5,5,0.9187017423766,0.9210934638977051
dense,test,312,254,64,0.2,120,0.8715066877571167,0.9508880535968202,0.66240951919706,0.7673650861265674,0.9756482893876661,0.767391709485903,0.557427328908217,119,17,0.9141435995697975,0.9155241549015045
dense,test,313,256,64,0.2,13,0.5473050840104837,0.48858316955406766,0.6542908791048043,0.9849360550909986,0.10967411292996895,0.9940051647811117,0.314576593428497,4,11,0.9171376365881699,0.911465585231781
dense,test,314,257,64,0.2,4,0.7049868438108122,0.6358604256320359,0.4466471870510055,0.4274200934151479,0.9825535942064766,0.430333185793434,0.4629611883085769,4,3,0.9467249661684036,0.9578163623809814
dense,test,315,258,64,0.2,18,0.9758291250211685,0.6755086461108897,0.49737475307461054,0.9868195823348168,0.9648386677075201,0.5379635352286773,0.4567859709205437,17,7,0.9372342030207316,0.9398830831050873
dense,test,316,259,64,0.2,6,0.9775962995219705,0.9636279817413972,0.497911630452165,0.9844891680553776,0.9707034309885634,0.709300721805894,0.28652253909843606,6,2,0.9440109034379324,0.9381000697612762
dense,test,317,260,64,0.2,13,0.9766257298882317,0.9559371960484572,0.7381207509743604,0.9945742904841403,0.958677169292323,0.99457445222835,0.4816670497203708,2,12,0.9434374341597924,0.9463431239128113
dense,test,318,261,64,0.2,5,0.9874055100361464,0.9710746146926973,0.49839014568951523,0.9928139452152259,0.9819970748570669,0.42865258244795185,0.5681277089310787,4,5,0.9713842988014221,0.9863635897636414
dense,test,319,262,64,0.2,70,0.5123173633240462,0.39070851655554095,0.7149207618251361,0.0391319718271558,0.9855027548209366,0.4767362011872244,0.9531053224630477,69,3,0.9474468052387237,0.9586286842823029
dense,test,320,263,64,0.2,88,0.5084195386854331,0.5737867351886404,0.8320893433721908,0.031242903026960388,0.9855961743439058,0.7350341567649821,0.9291445299793993,86,9,0.9300597818060354,0.9327455759048462
dense,test,321,265,64,0.2,4,0.5511075449569576,0.05512805279923401,0.6129907403395672,0.4419696398588219,0.6602454500550933,0.4419696398588219,0.7840118408203125,1,4,0.9723731726408005,0.9803701639175415
dense,test,322,268,64,0.2,8,0.9070107445993953,0.7743806963960099,0.5208213104691479,0.9920674422945313,0.8219540469042594,0.5329523427578371,0.5086902781804588,6,5,0.9616784900426865,0.9609493911266327
dense,test,323,269,64,0.2,92,0.5154562506038379,0.13779179218945775,0.9010338259652202,0.05363167152042905,0.9772808296872468,0.8447589944649446,0.9573086574654956,84,10,0.9405768364667892,0.9444237351417542
dense,test,324,27,64,0.2,10,0.7300025587777309,0.5709608402523584,0.47554211485243325,0.7659518136086841,0.6940533039467777,0.5348790725564662,0.4162051571484003,10,5,0.9178107976913452,0.9133433699607849
dense,test,325,270,64,0.2,19,0.6447773440337028,0.10427607418283279,0.8709919748956731,0.330314783079282,0.9592399049881235,0.7827440448032229,0.9592399049881235,19,1,0.9474687701777408,0.9615215063095093
dense,test,326,274,64,0.2,5,0.9559585678184408,0.8906344774457567,0.4896676485270295,0.9474487495230497,0.9644683861138318,0.4252590955774797,0.5540762014765792,3,4,0.9487251281738281,0.9502981901168823
dense,test,327,276,64,0.2,21,0.3819716402551824,0.16764651938744168,0.7844764156089552,0.21680885248127446,0.5471344280290903,0.6107030591121675,0.9582497721057429,21,4,0.9509604289418175,0.9594857096672058
dense,test,328,28,64,0.2,6,0.4832700930470669,0.9188893708418546,0.48325684517824086,0.9594084894929055,0.007131696601228322,0.9593510536398467,0.007162636716634953,6,2,0.8999347587426504,0.8918620347976685
dense,test,329,280,64,0.2,4,0.4785394646551749,0.8970680415918014,0.4830974692685032,0.9408018784019353,0.01627705090841446,0.9463806970509383,0.019814241486068113,3,3,0.9280366748571396,0.9272867143154144
dense,test,330,281,64,0.2,3,0.905731131362542,0.8120564458202203,0.7171203288680628,0.9721745327329856,0.8392877299920984,0.9653078924544666,0.46893276528165895,2,3,0.9602625370025635,0.9710555672645569
dense,test,331,282,64,0.2,15,0.6225291844255284,0.5055858665736394,0.7338009406178001,0.9762546694818905,0.2688036993691662,0.9750994737517649,0.49250240748383545,2,15,0.9510401964187623,0.9519914388656616
dense,test,332,288,64,0.2,6,0.4959295620851963,0.9178106420537557,0.48529143860972807,0.9776662791409166,0.014192845029475895,0.9463154779520568,0.024267399267399268,5,6,0.9303987125555674,0.9255637228488922
dense,test,333,293,64,0.2,170,0.4968471412859137,0.15233476595780754,0.671536263438875,0.009280317484545523,0.9844139650872819,0.43166313090459546,0.9114093959731544,168,9,0.9197943140478695,0.9218952357769012
dense,test,334,294,64,0.2,106,0.4986588348314008,0.5178709853720639,0.6270594436381965,0.9871862569085085,0.010131412754293086,0.9753572168150756,0.2787616704613175,5,104,0.9197203983675759,0.9182661473751068
dense,test,335,299,64,0.2,29,0.8207761207787522,0.6214158732822082,0.4933173154563556,0.9218421378201163,0.7197101037373881,0.48470152259727706,0.5019331083154341,13,28,0.9258568471875684,0.9147334694862366
dense,test,336,3,64,0.2,10,0.07631122460479654,0.322500442352863,0.2667925601198614,0.10931536259541985,0.04330708661417323,0.4655008327385201,0.06808428750120274,8,5,0.9092979848384857,0.9129736125469208
dense,test,337,30,64,0.2,1,0.4836918307611717,0.9282107934003971,0.4836918307611717,0.006761763616154131,0.9606218979061893,0.006761763616154131,0.9606218979061893,1,1,0.9776154160499573,0.9776154160499573
dense,test,338,300,64,0.2,9,0.988256698142398,0.973709287250155,0.4976059937948487,0.9866468024057827,0.9898665938790133,0.5486411128473818,0.4465708747423156,5,7,0.94045090675354,0.9467704892158508
dense,test,339,302,64,0.2,3,0.9758173845535059,0.9455313252356119,0.49974150959468844,0.9593419636203042,0.9922928054867076,0.5442976090443816,0.45518541014499525,3,2,0.9744498133659363,0.9897633790969849
dense,test,340,303,64,0.2,2,0.987598191074681,0.972594204681755,0.49711347591326827,0.9880332314579656,0.9871631506913965,0.35278567586259896,0.6414412759639375,2,2,0.9921306371688843,0.9921306371688843
dense,test,341,304,64,0.2,22,0.4872711267761686,0.009703234111611558,0.4991336361046699,0.2913811927403915,0.6831610608119456,0.2821673882115376,0.7160998839978021,21,10,0.9147375415671956,0.9119572341442108
dense,test,342,308,64,0.2,4,0.835853743265109,0.4600878950539643,0.4320207048590279,0.7305173603985149,0.9411901261317032,0.6259050190207387,0.23813639069731712,4,2,0.9365450739860535,0.9434914588928223
dense,test,343,310,64,0.2,3,0.9617779533955255,0.8888079238706224,0.49361519857388664,0.9804461303479414,0.9431097764431098,0.8972327178718392,0.08999767927593409,3,3,0.9599329431851705,0.9545914530754089
dense,test,344,311,64,0.2,3,0.9628630611526083,0.8697707881813902,0.4941347855587466,0.9759465253278868,0.9497795969773299,0.8920628131492118,0.09620675796828144,3,3,0.943750778834025,0.9491390585899353
dense,test,345,315,64,0.2,2,0.9807454861260457,0.9462129903865554,0.49704762414753934,0.9912928671702654,0.970198105081826,0.9068563048061352,0.08723894348894348,2,2,0.9788904190063477,0.9788904190063477
dense,test,346,318,64,0.2,3,0.9774217505447413,0.9651519266268951,0.4974789828935587,0.9895974672094076,0.9652460338800752,0.7735588645739085,0.2213991012132088,3,2,0.9469597538312277,0.9743102788925171
dense,test,347,319,64,0.2,3,0.7470522296554588,0.6470398829383843,0.4916005284191317,0.5246377605521926,0.969466698758725,0.5432203651642004,0.439980691674063,3,3,0.9777856469154358,0.9808299541473389
dense,test,348,322,64,0.2,1,0.4879444261714227,0.9591252742565368,0.4879444261714227,0.9752417228244946,0.0006471295183507442,0.9752417228244946,0.0006471295183507442,1,1,0.9745586514472961,0.9745586514472961
dense,test,349,323,64,0.2,3,0.5025693275326608,0.7386968026354128,0.5041968130577756,0.9195807382652286,0.08555791680009316,0.9195807382652286,0.08881288785032267,1,3,0.9250199993451437,0.9168771505355835
dense,test,350,324,64,0.2,9,0.8158292761184496,0.9239441971584903,0.5599901894844075,0.9584001833600734,0.6732583688768257,0.5266378744639614,0.5933425045048536,5,8,0.9148226645257738,0.8976459503173828
dense,test,351,325,64,0.2,64,0.466317716452321,0.3537505394640813,0.62798293475382,0.9156957716978662,0.016939661206775865,0.7802731663983121,0.475692703109328,13,64,0.912583907134831,0.9121178388595581
dense,test,352,327,64,0.2,3,0.8461757559839754,0.42003512410704813,0.4927822142118049,0.7129714811407544,0.9793800308271965,0.5197821584720411,0.46578226995156874,3,2,0.9484870433807373,0.963415265083313
dense,test,353,328,64,0.2,6,0.7303523941293724,0.806453609980267,0.49444450443640087,0.4961938594265415,0.9645109288322034,0.3604467439122622,0.6284422649605395,6,5,0.9519026875495911,0.9748527705669403
dense,test,354,329,64,0.2,2,0.49968799800717556,0.00020721794862064145,0.49968799800717556,0.47670497031848497,0.5226710256958661,0.47670497031848497,0.5226710256958661,1,2,0.927384078502655,0.927384078502655
dense,test,355,33,64,0.2,4,0.8939700360356899,0.0015363123943841588,0.49946566496300004,0.8430749973286114,0.9448650747427684,0.842742919921875,0.1561884100041251,4,3,0.9297446608543396,0.9249049425125122
dense,test,356,330,64,0.2,4,0.757435013215242,0.8083885888316793,0.6429007832938438,0.5410285807878142,0.9738414456426697,0.5505300642626172,0.7352715023250704,2,4,0.9525252282619476,0.9660950303077698
dense,test,357,331,64,0.2,11,0.509496219261129,0.6935297395805652,0.4864655643905632,0.0938872717650172,0.9251051667572409,0.19022524045109548,0.782705888330031,11,11,0.9011165174570951,0.8935901522636414
dense,test,358,332,64,0.2,3,0.8554728639928411,0.8463108436612315,0.49667941127372167,0.7377545518642943,0.9731911761213877,0.3619683709504069,0.6313904515970364,3,3,0.9571067690849304,0.9672567844390869
dense,test,359,334,64,0.2,2,0.9339712785314858,0.9044759406474033,0.4888771637947579,0.9717847614100535,0.896157795652918,0.651916332269582,0.3258379953199337,2,2,0.9574184119701385,0.9574184119701385
dense,test,360,337,64,0.2,2,0.8684024969732191,0.5404575956500075,0.42803877413880465,0.9728769028668572,0.7639280910795809,0.2367808322066997,0.6192967160709096,2,2,0.9877781867980957,0.9877781867980957
dense,test,361,34,64,0.2,42,0.9109764252086774,0.7362615279659966,0.49236677018586,0.9058642284067946,0.9160886220105601,0.7014902466350508,0.28324329373666923,42,2,0.9204464937959399,0.9207476675510406
dense,test,362,342,64,0.2,4,0.5309366109192128,0.8586531117852592,0.515449956844513,0.9777589994929863,0.08411422234543943,0.9777589994929863,0.053140914196039814,1,4,0.9190024435520172,0.9037061631679535
dense,test,363,343,64,0.2,6,0.9530722728858705,0.8822038670707172,0.49650684221730707,0.9554002794969055,0.9507442662748355,0.7572615384615384,0.23575214597307567,6,3,0.936358630657196,0.9358044266700745
dense,test,364,344,64,0.2,4,0.8441112400450482,0.04026690234063077,0.4996155411564085,0.7366818638435979,0.9515406162464985,0.7291774838887023,0.2700535984241147,4,4,0.9444175809621811,0.9438077509403229
dense,test,365,345,64,0.2,3,0.6944190666380774,0.47428060425447466,0.4068557006038067,0.961946142093201,0.42689199118295373,0.4684092329775658,0.34530216823004767,3,3,0.9244749744733175,0.9155139327049255
dense,test,366,346,64,0.2,16,0.6005206327355991,0.4906266429663168,0.594681008629187,0.25145023523500665,0.9495910302361915,0.2602578595215545,0.9291041577368195,14,4,0.9189225398004055,0.9154372811317444
dense,test,367,347,64,0.2,11,0.9463207091792201,0.9219332067666983,0.4927829083035833,0.9780263975723008,0.9146150207861392,0.4214436207569255,0.5641221958502411,11,3,0.9137621034275402,0.8953056335449219
dense,test,368,349,64,0.2,3,0.8348461532434319,0.048550194456092974,0.4987363899148387,0.9580847330157934,0.7116075734710705,0.29783067649848544,0.699642103331192,3,3,0.9556748867034912,0.9555495381355286
dense,test,369,350,64,0.2,4,0.9203188868485564,0.9267511997903191,0.8444315821684645,0.9842872467975011,0.8563505268996118,0.7217827246803422,0.9670804396565866,4,3,0.9624422341585159,0.9634753167629242
dense,test,370,351,64,0.2,3,0.9927084820657939,0.9857649447869337,0.7429020031969817,0.9973828289513267,0.988034135180261,0.9969334375563706,0.4888705688375927,2,3,0.9914349317550659,0.9923385381698608
dense,test,371,352,64,0.2,2,0.474229786894405,0.8394203546285707,0.474229786894405,0.94845957378881,0.0,0.94845957378881,0.0,2,0,0.9359580278396606,0.9359580278396606
dense,test,372,357,64,0.2,4,0.8342280221549546,0.6627831219189231,0.7868503446686469,0.6818778394750126,0.9865782048348967,0.5871224845023971,0.9865782048348967,4,1,0.9825935959815979,0.9856447577476501
dense,test,373,358,64,0.2,6,0.7108767508674823,0.2798596066389907,0.5528875817599734,0.5578848885962785,0.8638686131386861,0.8638091312909283,0.24196603222901852,6,5,0.9326943457126617,0.91549152135849
dense,test,374,359,64,0.2,3,0.7284272103519783,0.7153652757368848,0.7117405375663614,0.9550561797752809,0.5017982409286758,0.5974125931384591,0.8260684819942636,3,2,0.941421369711558,0.9257542490959167
dense,test,375,36,64,0.2,7,0.6969182662066075,0.864343429531565,0.4939716242703206,0.4209144607306935,0.9729220716825214,0.20721641502129307,0.7807268335193481,7,7,0.9497243421418327,0.9519608020782471
dense,test,376,362,64,0.2,14,0.5523111866889604,0.5202376268270549,0.48526623077623526,0.145557147975636,0.9590652254022848,0.3620198599030098,0.6085126016494607,14,12,0.9152168546404157,0.9124737679958344
dense,test,377,364,64,0.2,1,0.4234147327661098,0.07674951252521267,0.4234147327661098,0.6263449625040757,0.22048450302814393,0.6263449625040757,0.22048450302814393,1,1,0.9640814661979675,0.9640814661979675
dense,test,378,365,64,0.2,31,0.4895750845434323,0.3247444703534885,0.6180775567365702,0.08447424316093866,0.8946759259259259,0.4109046508351466,0.8252504626379937,28,8,0.9169839120680287,0.9195604920387268
dense,test,379,366,64,0.2,1,0.45242812567745644,0.8071866568506277,0.45242812567745644,0.9011406844106464,0.0037155669442664957,0.9011406844106464,0.0037155669442664957,1,1,0.9743742346763611,0.9743742346763611
dense,test,380,371,64,0.2,1,0.4833489517772653,0.9207000756579292,0.4833489517772653,0.9659820282413351,0.0007158753131954495,0.9659820282413351,0.0007158753131954495,1,1,0.9866976141929626,0.9866976141929626
dense,test,381,373,64,0.2,6,0.7073014900571859,0.3687382721565107,0.47462341861120383,0.9328144748220581,0.48178850529231376,0.22906171796288471,0.720185119259523,5,6,0.9445394575595856,0.9612210690975189
dense,test,382,374,64,0.2,9,0.5829582568487309,0.26965921971948226,0.5219632157723002,0.241131413410929,0.9247851002865329,0.7031355984460751,0.3407908330985254,9,8,0.9689555830425687,0.9829137921333313
dense,test,383,376,64,0.2,8,0.675043372024407,0.8135084557846118,0.9032158290019016,0.9839375755778138,0.36614916847100015,0.8603161976732624,0.9461154603305407,5,6,0.9377008900046349,0.9336915016174316
dense,test,384,377,64,0.2,11,0.4706015510493373,0.3456106774549516,0.5242639181576647,0.6324452049213721,0.3087578971773025,0.7898069963811821,0.2587208399341472,9,8,0.979525544426658,0.9813898205757141
dense,test,385,378,64,0.2,2,0.9134324929050517,0.8495753671117156,0.49271112118135785,0.8681318681318682,0.9587331176782353,0.17111569542895255,0.8143065469337631,2,2,0.9309097230434418,0.9309097230434418
dense,test,386,380,64,0.2,2,0.4823859751598658,0.8938878517344698,0.4823859751598658,0.9646779521056977,9.399821403393336e-05,0.9646779521056977,9.399821403393336e-05,2,1,0.9475352466106415,0.9475352466106415
dense,test,387,383,64,0.2,12,0.6340683371074827,0.782257318535145,0.5095715053926194,0.9696937809112912,0.2984428933036742,0.5995546719681909,0.419588338817048,9,8,0.912455141544342,0.9092848598957062
dense,test,388,387,64,0.2,6,0.812143264807023,0.9026098082147334,0.497934792373412,0.9859015091342335,0.6383850204798127,0.7760245997111398,0.21984498503568414,5,6,0.9467534025510153,0.9441618323326111
dense,test,389,389,64,0.2,7,0.47342293317335876,0.8932255406792023,0.4805213174076368,0.9460008554319932,0.0008450109147243152,0.9598259569697293,0.0012166778455443073,7,7,0.9170576759747097,0.9081774353981018
dense,test,390,39,64,0.2,2,0.4750484173210897,0.40277118741721957,0.4452634690135423,0.23395989391895036,0.7161369407232291,0.1743899973038555,0.7161369407232291,2,1,0.9134927093982697,0.9134927093982697
dense,test,391,391,64,0.2,2,0.8621841809092052,0.5868779365741095,0.4422883244410378,0.7955299290342487,0.9288384327841617,0.6375349365766761,0.24704171230539942,2,2,0.9446060359477997,0.9446060359477997
dense,test,392,392,64,0.2,3,0.9384862068547787,0.8768007800796848,0.4937617608289456,0.9141081128184274,0.96286430089113,0.5050703051443918,0.48245321651349937,3,2,0.9447565277417501,0.9485522508621216
dense,test,393,393,64,0.2,2,0.9595764049235328,0.9210442748912033,0.4933944702180061,0.9662309368191722,0.9529218730278934,0.635346342365671,0.3514425980703412,2,2,0.9871976971626282,0.9871976971626282
dense,test,394,394,64,0.2,2,0.9754101913821234,0.9519175136413998,0.4956558356250383,0.9784696487290568,0.97235073403519,0.5796185202276573,0.4116931510224193,2,2,0.9879161715507507,0.9879161715507507
dense,test,395,395,64,0.2,2,0.5753451696434865,0.821139412981141,0.47765522167796187,0.9786081973581974,0.17208214192877566,0.7832945485064663,0.17201589484945742,2,2,0.9847997725009918,0.9847997725009918
dense,test,396,398,64,0.2,6,0.7056450095662049,0.7795893088264018,0.4839201982009386,0.9385236748064324,0.47276634432597736,0.7826546233925291,0.18518577300934816,6,6,0.9629697799682617,0.965153306722641
dense,test,397,4,64,0.2,3,0.9429522441259729,0.9223784537175838,0.4937422867281167,0.978742684538418,0.9071618037135278,0.8072850552648689,0.1801995181913645,3,3,0.9433349768320719,0.9369267821311951
dense,test,398,40,64,0.2,3,0.8465756634429349,0.8331440437703905,0.49564602567957056,0.8290396500243039,0.8641116768615658,0.21452476056815903,0.7767672907909821,3,3,0.9160745739936829,0.9223909378051758
dense,test,399,400,64,0.2,6,0.6817366333872953,0.5426056157788035,0.5513332553129289,0.39878078385887306,0.9646924829157175,0.38318532403281813,0.7194811865930397,6,4,0.9233587682247162,0.9183675646781921
dense,test,400,403,64,0.2,3,0.5126266471701774,0.9296914377522132,0.49172048058387563,0.984839671344434,0.04041362299592069,0.9714044963964287,0.01203646477132262,3,3,0.9254861275355021,0.9056957364082336
dense,test,401,408,64,0.2,14,0.5318691846318859,0.45424112376139403,0.49210556696384167,0.1466074074074074,0.9171309618563644,0.5113737075332349,0.4728374263944485,13,14,0.9580195162977491,0.9843333661556244
dense,test,402,41,64,0.2,1,0.4026090242646401,0.5105645725749268,0.4026090242646401,0.0036148421164546194,0.8016032064128257,0.0036148421164546194,0.8016032064128257,1,1,0.9397743344306946,0.9397743344306946
dense,test,403,410,64,0.2,1,0.49161606618148634,0.9562080239235569,0.49161606618148634,0.9827078293775298,0.0005243029854428818,0.9827078293775298,0.0005243029854428818,1,1,0.9822204113006592,0.9822204113006592
dense,test,404,411,64,0.2,2,0.9506319221672057,0.8854012763055311,0.4887193613618781,0.946458137557614,0.9548057067767974,0.6550578901240832,0.322380832599673,2,2,0.9616861641407013,0.9616861641407013
dense,test,405,412,64,0.2,3,0.956450581301167,0.9136150380832412,0.4936716687924669,0.9436928918950991,0.9692082707072348,0.24843585454995973,0.738907483034974,2,3,0.9468671878178915,0.9727961421012878
dense,test,406,414,64,0.2,9,0.5594031936413112,0.3544481719133563,0.4785049285179034,0.7565832721085805,0.3622231151740419,0.47973325601623656,0.47727660101957015,8,9,0.9496441549725003,0.9638003706932068
dense,test,407,416,64,0.2,3,0.49157390832721193,0.9565844928209799,0.49157390832721193,0.9827776975994612,0.00037011905496267967,0.9827776975994612,0.00037011905496267967,3,1,0.9231570561726888,0.8955827951431274
dense,test,408,417,64,0.2,2,0.4878803524135434,0.8701887415885082,0.4727409459636248,0.9496606185458099,0.02610008628127696,0.9319495192930628,0.013532372634186881,2,2,0.9522020220756531,0.9522020220756531
dense,test,409,418,64,0.2,6,0.5962613631257225,0.30035677247843795,0.6301143646777608,0.905870523629051,0.2866522026223941,0.905870523629051,0.35435820572647064,1,6,0.9195227026939392,0.9179855585098267
dense,test,410,422,64,0.2,25,0.9883587408876928,0.9665710791513628,0.49889731363153744,0.9933269780743565,0.9833905037010291,0.49542184935813866,0.5023727779049363,2,25,0.904396185874939,0.8930527567863464
dense,test,411,423,64,0.2,2,0.9785996362236449,0.939036999734284,0.49636723880217826,0.9858791641164641,0.9713201083308257,0.3481312375634361,0.6446032400409204,2,2,0.9798306524753571,0.9798306524753571
dense,test,412,424,64,0.2,3,0.4905156983256929,0.9450939481235189,0.489693624216059,0.9782581962173197,0.002773200434066155,0.9782581962173197,0.0011290522147983173,2,2,0.9235502878824869,0.8952521085739136
dense,test,413,425,64,0.2,6,0.9345250813314976,0.8560527420620904,0.4926432267662867,0.9266326893445538,0.9424174733184413,0.6238549060060661,0.36143154752650725,5,5,0.9310659468173981,0.9238513112068176
dense,test,414,426,64,0.2,1,0.4846747431879066,0.9540706525336097,0.4846747431879066,0.0027094013146754105,0.9666400850611377,0.0027094013146754105,0.9666400850611377,1,1,0.978128969669342,0.978128969669342
dense,test,415,428,64,0.2,1,0.4877430928003919,0.9398814447556274,0.4877430928003919,0.9752847944526993,0.00020139114808446034,0.9752847944526993,0.00020139114808446034,1,1,0.9927749633789062,0.9927749633789062
dense,test,416,429,64,0.2,7,0.714750329514018,0.6908458962442852,0.47687498189569066,0.9501527534793848,0.4793479055486512,0.6106957735247209,0.34305419026666045,7,7,0.9185080698558262,0.9148772954940796
dense,test,417,431,64,0.2,1,0.48753687802556,0.9306351295207568,0.48753687802556,0.9747167296156409,0.00035702643547911396,0.9747167296156409,0.00035702643547911396,1,1,0.9844225645065308,0.9844225645065308
dense,test,418,432,64,0.2,14,0.5678684578148667,0.283541144927205,0.532741764181744,0.3282030130682065,0.8075339025615269,0.6821241815031206,0.3833593468603674,14,11,0.9487508450235639,0.9530740082263947
dense,test,419,434,64,0.2,7,0.6901729218736374,0.544758228891706,0.5253699431731433,0.573049741777657,0.8072961019696179,0.44913294797687864,0.6016069383694082,6,3,0.933152335030692,0.9251672625541687
dense,test,420,44,64,0.2,13,0.5794885739392444,0.04216087292083951,0.716062674668988,0.22280693511253113,0.9361702127659575,0.5090484262610528,0.9230769230769231,13,2,0.9134441935099088,0.907589852809906
dense,test,421,440,64,0.2,1,0.4820012563675776,0.9693145078389196,0.4820012563675776,0.0038670824162386893,0.9601354303189166,0.0038670824162386893,0.9601354303189166,1,1,0.9713359475135803,0.9713359475135803
dense,test,422,441,64,0.2,2,0.9665502338653522,0.9265063787626125,0.49442817697913977,0.9509772847332277,0.9821231829974766,0.13948063584261505,0.8493757181156645,2,2,0.9628397226333618,0.9628397226333618
dense,test,423,442,64,0.2,1,0.4768066101088434,0.9465773380264562,0.4768066101088434,0.9457211046709854,0.007892115546701403,0.9457211046709854,0.007892115546701403,1,1,0.9477561712265015,0.9477561712265015
dense,test,424,443,64,0.2,2,0.46513778919111354,0.7643749546928658,0.4657489993827221,0.908019466291487,0.022256112090740122,0.9012036108324974,0.030294387932946733,2,2,0.9227913320064545,0.9227913320064545
dense,test,425,444,64,0.2,2,0.9686137719668981,0.9239868222776587,0.49323180153357715,0.9703108627314007,0.9669166812023955,0.7272629821901655,0.25920062087698875,2,2,0.9792547821998596,0.9792547821998596
dense,test,426,447,64,0.2,1,0.4632804051715534,0.9032624236541014,0.4632804051715534,0.003878383850970375,0.9226824264921364,0.003878383850970375,0.9226824264921364,1,1,0.9613445401191711,0.9613445401191711
dense,test,427,448,64,0.2,2,0.9728965419364073,0.9458220465098329,0.4953806088256453,0.9702750146284377,0.975518069244377,0.5139330781881619,0.4768281394631287,2,2,0.9917560815811157,0.9917560815811157
dense,test,428,449,64,0.2,2,0.9698904730181325,0.9389631675710135,0.7455939291285278,0.9617086948925514,0.9780722511437135,0.5131156071133421,0.9780722511437135,2,1,0.9927422106266022,0.9927422106266022
dense,test,429,45,64,0.2,3,0.988959597713813,0.9706388782433809,0.4979184025130933,0.9869939064042969,0.9909252890233291,0.6284779551152694,0.3673588499109172,3,2,0.9781065980593363,0.9840880632400513
dense,test,430,450,64,0.2,45,0.5700025999796712,0.6416398400258457,0.8117548643198328,0.9583034892049525,0.18170171075438993,0.7321748166964955,0.89133491194317,30,30,0.922844472196367,0.9202947616577148
dense,test,431,451,64,0.2,2,0.9542879613583943,0.8988714502496915,0.49147808077948774,0.9467413742258921,0.9618345484908964,0.25059595219918046,0.732360209359795,2,2,0.9754654169082642,0.9754654169082642
dense,test,432,452,64,0.2,1,0.49325150640178894,0.9586019127443761,0.49325150640178894,0.0035646241779853727,0.9829383886255925,0.0035646241779853727,0.9829383886255925,1,1,0.9676203727722168,0.9676203727722168
dense,test,433,453,64,0.2,11,0.5020627921074221,0.24438204990503712,0.6357109203084774,0.27393352051444614,0.7301920637003981,0.6997814620680589,0.5716403785488959,10,4,0.9750343073498119,0.9798489212989807
dense,test,434,455,64,0.2,7,0.9369042947249895,0.8413453760770133,0.4925896245240317,0.9305886736214605,0.9432199158285184,0.7696595751179803,0.2155196739300831,6,4,0.911956284727369,0.8957087397575378
dense,test,435,456,64,0.2,2,0.9054999782861497,0.8230877538649942,0.49023000485209856,0.9263204719985015,0.8846794845737979,0.6144193333229925,0.3660406763812047,2,2,0.9301721155643463,0.9301721155643463
dense,test,436,457,64,0.2,3,0.8447179508856981,0.2233971217903277,0.49426819949984113,0.9602574992176673,0.729178402553729,0.3366922336428283,0.651844165356854,3,2,0.958613395690918,0.9772723913192749
dense,test,437,461,64,0.2,5,0.47322002410001196,0.8898283965223271,0.48119332703779566,0.9461074785451573,0.00033256965486660263,0.9620540844207247,0.00033256965486660263,5,1,0.9181335687637329,0.908924400806427
dense,test,438,463,64,0.2,32,0.4211245378383154,0.08064138920607859,0.8463817003199561,0.08282039141414141,0.7594286842624893,0.7312049590814707,0.9615584415584416,32,5,0.9389116577804089,0.9423512518405914
dense,test,439,464,64,0.2,99,0.48670092536482235,0.329863480052864,0.6895741209461893,0.017300773176146367,0.9561010775534983,0.4276285137443702,0.9515197281480083,99,2,0.9278547179819358,0.9283468723297119
dense,test,440,465,64,0.2,1,0.4753867982796556,0.9489439518944569,0.4753867982796556,0.0026022419315102244,0.9481713546278009,0.0026022419315102244,0.9481713546278009,1,1,0.9658715724945068,0.9658715724945068
dense,test,441,466,64,0.2,2,0.8268097995263552,0.20503387808774753,0.497489326643987,0.7899746747008994,0.8636449243518112,0.14287468344716445,0.8521039698408095,2,2,0.9101318717002869,0.9101318717002869
dense,test,442,467,64,0.2,5,0.4447926568443393,0.6774529464303327,0.4229335719775787,0.8384523488381055,0.05113296485057306,0.7712062256809339,0.0746609182742235,3,5,0.907650089263916,0.9113034009933472
dense,test,443,468,64,0.2,3,0.9533922255639204,0.9422524232217814,0.495431561778124,0.93539743181577,0.9713870193120709,0.5445262882713866,0.4463368352848614,3,2,0.9298622210820516,0.9384464621543884
dense,test,444,469,64,0.2,6,0.6305035302139339,0.7783926452815915,0.4937724625332104,0.2869774919614148,0.9740295684664529,0.33417310664605876,0.6533718184203621,6,6,0.9838199317455292,0.98455810546875
dense,test,445,47,64,0.2,12,0.6425430475107932,0.5756419893495249,0.5410877389180853,0.9494663789584183,0.335619716063168,0.7059882057063568,0.3761872721298136,3,12,0.9152806500593821,0.9105428159236908
dense,test,446,471,64,0.2,8,0.7714090430593834,0.7804185653233902,0.4942422917658425,0.9549163847955153,0.5879017013232514,0.6266895019440845,0.36179508158760054,8,8,0.9442840069532394,0.9592658579349518
dense,test,447,472,64,0.2,1,0.4800130975072707,0.913454508484393,0.4800130975072707,0.9593245062836625,0.0007016887308789821,0.9593245062836625,0.0007016887308789821,1,1,0.961891770362854,0.961891770362854
dense,test,448,473,64,0.2,8,0.10515039100739372,-0.0275337519242152,0.3775975539048127,0.18670605612998523,0.02359472588480222,0.7316003819248231,0.02359472588480222,8,1,0.907253310084343,0.9037520885467529
dense,test,449,474,64,0.2,4,0.5110838544843941,0.6458800303547345,0.5002537251848055,0.12315395705880061,0.8990137519099874,0.10149369845962346,0.8990137519099874,4,1,0.9548932909965515,0.9526573717594147
dense,test,450,476,64,0.2,83,0.4823663845053341,0.9084190072851005,0.48237795777570885,0.9647015253570353,3.124365363285583e-05,0.9647246718977849,3.124365363285583e-05,83,1,0.9116024317511593,0.9085254669189453
dense,test,451,478,64,0.2,2,0.9183809777954599,0.8482169024214685,0.48605970847321583,0.876624286715387,0.960137668875533,0.6731600079385677,0.298959409007864,2,2,0.9330613315105438,0.9330613315105438
dense,test,452,479,64,0.2,48,0.4756315287141506,0.24204156984257807,0.5574624573325371,0.9361439588688946,0.015119098559406647,0.7898002549936252,0.3251246596714491,5,48,0.9065528810024261,0.9041715562343597
dense,test,453,48,64,0.2,10,0.4239021128939058,0.41680747216733033,0.4097087398950279,0.7518964134295864,0.09590781235822521,0.6160702751582483,0.2033472046318075,9,9,0.9374173700809478,0.9329549670219421
dense,test,454,485,64,0.2,4,0.7557440252116991,0.7696756871256637,0.58188434603068,0.5310827357005422,0.980405314722856,0.4221737594643159,0.741594932597044,4,2,0.985788032412529,0.9865134954452515
dense,test,455,492,64,0.2,1,0.4876843342594572,0.944501807129348,0.4876843342594572,0.9753686685189144,0.0,0.9753686685189144,0.0,1,0,0.9851648807525635,0.9851648807525635
dense,test,456,5,64,0.2,10,0.5196746263513516,0.9054681546293483,0.4980386972677251,0.9904673228695575,0.048881929833145765,0.9322783094597694,0.06379908507568081,5,10,0.9240221679210663,0.9254872798919678
dense,test,457,51,64,0.2,3,0.9911114476231352,0.980484309505053,0.4984411271098235,0.9970246573608078,0.9851982378854626,0.4835659128939652,0.5133163413256818,2,3,0.9901819427808126,0.9904032945632935
dense,test,458,56,64,0.2,1,0.4572706067607585,0.8508709118866677,0.4572706067607585,0.0008406293617561223,0.9137005841597609,0.0008406293617561223,0.9137005841597609,1,1,0.9756284952163696,0.9756284952163696
dense,test,459,58,64,0.2,1,0.475818933346508,0.7423943242310976,0.475818933346508,0.06899867222196786,0.8826391944710481,0.06899867222196786,0.8826391944710481,1,1,0.9845521450042725,0.9845521450042725
dense,test,460,59,64,0.2,65,0.5061814238800098,0.3921929673221048,0.5734858282778779,0.06805661496737012,0.9443062327926494,0.5257065614269512,0.6212650951288046,65,30,0.9447675191439115,0.9515842199325562
dense,test,461,60,64,0.2,15,0.7727113334266011,0.32481350359188826,0.8190716858212772,0.9888212756366914,0.556601391216511,0.9888212756366914,0.649322096005863,1,15,0.9492674430211385,0.9593125581741333
dense,test,462,63,64,0.2,5,0.754797746176731,0.6481045454491652,0.4775689823159003,0.5386364329966125,0.9709590593568495,0.5847015380859375,0.3704364265458631,4,3,0.9243650197982788,0.9028139710426331
dense,test,463,67,64,0.2,8,0.49982353801807405,0.058046476612751224,0.49982353801807405,0.378814697265625,0.6208323787705231,0.378814697265625,0.6208323787705231,2,8,0.9615698084235191,0.973045825958252
dense,test,464,69,64,0.2,11,0.5838293843867575,0.39176470479537756,0.6664120394932145,0.907041998551774,0.26061677022174085,0.819757036715657,0.5130670422707718,5,11,0.947975055737929,0.9517750144004822
dense,test,465,70,64,0.2,5,0.7682924110421776,0.9859546599453098,0.5013890584059455,0.5443055449037503,0.992279277180605,0.5443055449037503,0.45847257190814067,4,2,0.9291576862335205,0.9021542072296143
dense,test,466,71,64,0.2,5,0.8809644534111793,0.8532518745842362,0.502634017305199,0.7728424072265625,0.9890864995957963,0.810089111328125,0.19517892328227293,5,3,0.9545228004455566,0.9637881517410278
dense,test,467,73,64,0.2,3,0.95380156965238,0.9088296812476145,0.7203944186712808,0.9768918073796122,0.930711331925148,0.9358256757161244,0.5049631616264373,2,3,0.9540846943855286,0.9378628134727478
dense,test,468,74,64,0.2,3,0.7882167437917136,0.6823094009706046,0.4517138832124688,0.6670708527233401,0.9093626348600871,0.32767619840532836,0.5757515680196093,3,2,0.9680959781010946,0.9704764485359192
dense,test,469,76,64,0.2,47,0.501855333326945,0.6582673313350426,0.586057444693042,0.9906901979170155,0.013020468736874527,0.9909246173939252,0.18119027199215879,2,46,0.9031432600731545,0.9014846682548523
dense,test,470,77,64,0.2,23,0.32791759086496575,0.7599220134237653,0.4649440732884458,0.009872982417216706,0.6459621993127148,0.04703463933973553,0.882853507237156,18,19,0.9093467878258746,0.8995693922042847
dense,test,471,78,64,0.2,60,0.9730153026117341,0.9449874401687325,0.4959096501002126,0.9759027680202332,0.970127837203235,0.6454251883745964,0.3463941118258288,60,4,0.9136312653621038,0.9151825904846191
dense,test,472,79,64,0.2,2,0.44406262617327724,0.8577795675162116,0.4374492078710679,0.02651984400091764,0.8616054083456368,0.029931972789115645,0.8449664429530201,2,2,0.8856467604637146,0.8856467604637146
dense,test,473,8,64,0.2,3,0.652084765454161,0.5919169624508136,0.4659332670542916,0.42736986719584796,0.8767996637124742,0.42798919265466867,0.5038773414539145,3,2,0.9378257195154825,0.9606727361679077
dense,test,474,84,64,0.2,1,0.4866992809000078,0.9368981020696079,0.4866992809000078,0.9625841855824395,0.010814376217576046,0.9625841855824395,0.010814376217576046,1,1,0.9549948573112488,0.9549948573112488
dense,test,475,85,64,0.2,7,0.9711795599748075,0.954205370503324,0.4963766530346664,0.9969756501059814,0.9453834698436336,0.6012406330648923,0.39151267300444054,6,4,0.9495290092059544,0.9636051654815674
dense,test,476,86,64,0.2,1,0.47225384275622073,0.8681889190667662,0.47225384275622073,0.031942384440129055,0.9125653010723124,0.031942384440129055,0.9125653010723124,1,1,0.9234316349029541,0.9234316349029541
dense,test,477,88,64,0.2,1,0.48285693172346283,0.9202937770145303,0.48285693172346283,0.005468120701406531,0.9602457427455191,0.005468120701406531,0.9602457427455191,1,1,0.9529017806053162,0.9529017806053162
dense,test,478,95,64,0.2,6,0.8394320647432023,0.030130041598974273,0.48714342328985283,0.9826652568169438,0.6961988726694609,0.4942091754892525,0.4800776710904532,5,6,0.9502015511194865,0.959021121263504
dense,test,479,96,64,0.2,12,0.8745202085882258,0.7196448807085015,0.483646378760136,0.9860476915271436,0.762992725649308,0.4494361616061552,0.5178565959141168,5,12,0.9427492916584015,0.9411640167236328
